Cement,Blast Furnace Slag,Fly Ash,Water,Superplasticizer,Coarse Aggregate,Fine Aggregate,Age,cement per water,Cement Impurity Factor,Cement Moisture Factor,Strength
310.0,0.0,0.0,192.0,0.0,970.0,850.0,7,1.6145833333333333,-1.4949731532908723,,14.99
286.3,200.9,0.0,144.7,11.2,1004.6,803.7,56,1.978576364892882,14.926196089158053,1.978576364892882,72.99
362.6,189.0,0.0,164.9,11.6,944.7,755.8,3,2.198908429351122,7.749159924263114,,35.3
439.0,177.0,0.0,186.0,11.1,884.9,707.9,91,2.360215053763441,5.00533878212005,2.360215053763441,73.3
136.0,162.0,126.0,172.0,10.0,923.0,764.0,28,0.7906976744186046,8.589053998878176,0.7906976744186046,29.07
310.0,0.0,0.0,192.0,0.0,1012.0,830.0,3,1.6145833333333333,-13.681347141253005,,11.85
295.7,0.0,95.6,171.5,8.9,955.1,859.2,3,1.724198250728863,-1.6175412194711525,1.724198250728863,22.95
230.0,0.0,118.3,195.5,4.6,1029.4,758.6,56,1.1764705882352942,7.632014107945618,1.1764705882352942,31.54
239.6,359.4,0.0,185.7,0.0,941.6,664.3,28,1.2902530963920302,-3.367875846562104,1.2902530963920302,39.44
222.4,0.0,96.7,189.3,4.5,967.1,870.3,14,1.1748547279450607,5.712003952736736,,24.45
132.0,207.0,161.0,179.0,5.0,867.0,736.0,28,0.7374301675977654,3.7713244510912327,0.7374301675977654,33.3
349.0,0.0,0.0,192.0,0.0,1047.0,806.0,28,1.8177083333333333,-13.287687468127931,1.8177083333333333,32.72
427.5,47.5,0.0,228.0,0.0,932.0,594.0,28,1.875,-4.80510951935044,1.875,37.43
446.0,24.0,79.0,162.0,11.6,967.0,712.0,7,2.753086419753086,-1.0233407318461325,,39.3
251.8,0.0,99.9,146.1,12.4,1006.0,899.8,56,1.7234770704996578,-2.4821340527476483,,44.14
252.0,0.0,0.0,185.0,0.0,1111.0,784.0,28,1.3621621621621622,-7.156858417756031,1.3621621621621622,19.69
326.0,166.0,0.0,174.0,9.0,882.0,790.0,28,1.8735632183908049,-4.56597034999581,,61.23
213.5,0.0,174.2,154.6,11.7,1052.3,775.5,100,1.3809831824062095,-1.279508239707417,,59.3
304.0,76.0,0.0,228.0,0.0,932.0,670.0,90,1.3333333333333333,4.893410310726943,1.3333333333333333,49.19
491.0,26.0,123.0,210.0,3.9,882.0,699.0,28,2.3380952380952382,-11.062397847714688,,55.55
218.9,0.0,124.1,158.5,11.3,1078.7,794.9,56,1.3810725552050471,11.609148862360334,,37.27
158.0,0.0,195.0,220.0,11.0,898.0,713.0,28,0.7181818181818181,6.563857449578912,,8.54
425.0,106.3,0.0,151.4,18.6,936.0,803.7,56,2.807133421400264,-12.85986587648982,,64.9
166.1,0.0,163.3,176.5,4.5,1058.6,780.1,3,0.9410764872521246,0.6549931150905804,,10.76
313.3,145.0,0.0,178.5,8.0,867.2,824.0,28,1.7551820728291316,5.201609423669288,,40.93
155.0,184.0,143.0,194.0,9.0,880.0,699.0,28,0.7989690721649485,2.232172206162714,0.7989690721649485,28.99
491.0,26.0,123.0,201.0,3.9,822.0,699.0,28,2.442786069651741,7.409420380253131,2.442786069651741,57.92
251.4,0.0,118.3,188.5,6.4,1028.4,757.7,3,1.3336870026525198,-3.0825087748940816,,13.12
315.0,137.0,0.0,145.0,5.9,1130.0,745.0,28,2.1724137931034484,-4.795141163552177,,81.75
218.9,0.0,124.1,158.5,11.3,1078.7,794.9,100,1.3810725552050471,7.674166608681655,,46.23
212.1,0.0,121.6,180.3,5.7,1057.6,779.3,14,1.1763727121464225,-7.502600319320982,,20.92
173.0,116.0,0.0,192.0,0.0,946.8,856.8,90,0.9010416666666666,13.571650946320306,,32.1
451.0,0.0,0.0,165.0,11.3,1030.0,745.0,28,2.7333333333333334,-4.206040173446088,,78.8
136.4,161.6,125.8,171.6,10.4,922.6,764.4,28,0.7948717948717949,-0.3816908491358388,0.7948717948717949,29.07
382.5,0.0,0.0,185.7,0.0,1047.8,739.3,28,2.0597738287560583,3.831838605971135,,37.44
385.0,0.0,0.0,186.0,0.0,966.0,763.0,28,2.0698924731182795,14.16640508508408,,31.35
380.0,95.0,0.0,228.0,0.0,932.0,594.0,90,1.6666666666666667,-7.264192604169687,,40.56
284.0,15.0,141.0,179.0,5.5,842.0,801.0,28,1.5865921787709498,6.011096986974312,,43.73
362.6,189.0,0.0,164.9,11.6,944.7,755.8,56,2.198908429351122,-7.7974533618185715,,77.3
401.8,94.7,0.0,147.4,11.4,946.8,852.1,7,2.7259158751696067,3.232406854516307,,54.1
296.0,0.0,0.0,186.0,0.0,1090.0,769.0,28,1.5913978494623655,8.114960520145043,,25.18
190.3,0.0,125.2,161.9,9.9,1088.1,802.6,28,1.1754169240271772,-6.182601716300574,,28.47
389.9,189.0,0.0,145.9,22.0,944.7,755.8,91,2.6723783413296776,-6.85726045133026,2.6723783413296776,82.6
229.7,0.0,118.2,195.2,6.1,1028.1,757.6,56,1.1767418032786885,4.039898231843657,1.1767418032786885,31.35
135.7,203.5,0.0,185.7,0.0,1076.2,759.3,7,0.7307485191168551,6.635244649467913,,7.51
388.6,97.1,0.0,157.9,12.1,852.1,925.7,91,2.461051298290057,-7.116115437004186,2.461051298290057,57.6
286.3,200.9,0.0,144.7,11.2,1004.6,803.7,28,1.978576364892882,3.7887394450814527,,67.7
425.0,106.3,0.0,153.5,16.5,852.1,887.1,3,2.768729641693811,-2.39205880372694,2.768729641693811,33.4
289.0,0.0,0.0,192.0,0.0,913.2,895.3,7,1.5052083333333333,-19.773156001018314,1.5052083333333333,14.6
255.0,0.0,0.0,192.0,0.0,889.8,945.0,90,1.328125,4.238433423322262,1.328125,21.86
255.3,98.8,77.0,188.6,6.5,919.0,749.3,28,1.353658536585366,-9.266917513540342,,33.8
323.7,282.8,0.0,183.8,10.3,942.7,659.9,3,1.7611534276387375,-6.467948823145501,,28.3
330.5,169.6,0.0,194.9,8.1,811.0,802.3,28,1.6957414058491531,11.520937723595782,1.6957414058491531,56.62
522.0,0.0,0.0,146.0,0.0,896.0,896.0,7,3.5753424657534247,-4.182880217226146,,50.51
148.0,175.0,0.0,171.0,2.0,1000.0,828.0,28,0.8654970760233918,1.4928729852508649,0.8654970760233918,26.92
387.0,20.0,94.0,157.0,13.9,938.0,845.0,56,2.464968152866242,4.311280349477269,2.464968152866242,47.97
218.9,0.0,124.1,158.5,11.3,1078.7,794.9,14,1.3810725552050471,0.1960813940715417,,26.05
318.8,212.5,0.0,155.7,14.3,852.1,880.4,7,2.047527296082209,-1.290285693328073,2.047527296082209,33.4
446.0,24.0,79.0,162.0,11.6,967.0,712.0,3,2.753086419753086,2.490001236348289,,23.35
540.0,0.0,0.0,162.0,2.5,1040.0,676.0,28,3.333333333333333,3.973713224089861,,79.99
192.0,288.0,0.0,192.0,0.0,929.8,716.1,28,1.0,12.031943908661509,1.0,39.32
381.4,0.0,0.0,185.7,0.0,1104.6,784.3,28,2.053850296176629,-2.8121078723304693,2.053850296176629,22.49
298.2,0.0,107.0,209.7,11.1,879.6,744.2,28,1.4220314735336197,-4.589600031508632,,31.88
236.0,0.0,0.0,194.0,0.0,968.0,885.0,90,1.2164948453608246,-14.229761991234229,1.2164948453608246,21.95
314.0,145.3,113.2,178.9,8.0,869.1,690.2,28,1.7551704863051985,1.0248353192863142,,46.23
145.0,116.0,119.0,184.0,5.7,833.0,880.0,28,0.7880434782608695,10.830978993323304,0.7880434782608695,29.16
339.0,0.0,0.0,197.0,0.0,968.0,781.0,365,1.7208121827411167,3.307479225789607,,38.89
337.9,189.0,0.0,174.9,9.5,944.7,755.8,7,1.9319611206403655,2.4123787386689,,35.1
277.2,97.8,24.5,160.7,11.2,1061.7,782.5,28,1.7249533291848165,-0.1481050879391194,1.7249533291848165,63.14
238.2,158.8,0.0,185.7,0.0,1040.6,734.3,7,1.2827140549273022,2.7008212966016174,,15.69
331.0,0.0,0.0,192.0,0.0,978.0,825.0,28,1.7239583333333333,6.6713772363912325,1.7239583333333333,31.45
154.8,183.4,0.0,193.3,9.1,1047.4,696.7,28,0.8008277289187791,1.9504057101695904,,18.29
173.5,50.1,173.5,164.8,6.5,1006.2,793.5,100,1.0527912621359223,1.711839285873776,1.0527912621359223,56.06
525.0,0.0,0.0,189.0,0.0,1125.0,613.0,7,2.7777777777777777,2.1364021269540707,,42.42
339.2,0.0,0.0,185.7,0.0,1069.2,754.3,28,1.826602046311255,-6.848670607270938,,31.9
385.0,0.0,0.0,186.0,0.0,966.0,763.0,14,2.0698924731182795,-0.2799079239756936,,27.92
299.8,0.0,119.8,211.5,9.9,878.2,727.6,28,1.4174940898345154,-5.535264559049955,1.4174940898345154,23.84
250.0,0.0,0.0,182.0,0.0,1100.0,820.0,28,1.3736263736263736,-2.0767308109088383,,20.87
231.8,0.0,121.6,174.0,6.7,1056.4,778.5,100,1.332183908045977,0.0818644881566963,1.332183908045977,45.84
427.5,47.5,0.0,228.0,0.0,932.0,594.0,180,1.875,11.725190151372432,,41.84
168.0,42.1,163.8,121.8,5.7,1058.7,780.1,100,1.3793103448275863,-5.722429674079746,,39.23
528.0,0.0,0.0,185.0,6.9,920.0,720.0,28,2.854054054054054,2.7340478062172755,2.854054054054054,56.83
382.0,0.0,0.0,186.0,0.0,1047.0,739.0,28,2.053763440860215,7.780435597013839,,37.42
190.3,0.0,125.2,161.9,9.9,1088.1,802.6,3,1.1754169240271772,-2.522153957122765,1.1754169240271772,9.45
168.0,42.1,163.8,121.8,5.7,1058.7,780.1,14,1.3793103448275863,8.711604775738929,,17.82
380.0,0.0,0.0,228.0,0.0,932.0,670.0,90,1.6666666666666667,-4.4983002339277816,1.6666666666666667,52.91
173.8,93.4,159.9,172.3,9.7,1007.2,746.6,28,1.0087057457922228,-0.4443815911729502,1.0087057457922228,37.81
297.2,0.0,117.5,174.8,9.5,1022.8,753.5,28,1.7002288329519448,1.9494976919352984,,47.4
214.9,53.8,121.9,155.6,9.6,1014.3,780.6,28,1.3811053984575836,1.7927398544833342,,52.2
313.0,0.0,113.0,178.0,8.0,1002.0,689.0,28,1.7584269662921348,-0.2650157829903767,,36.8
375.0,93.8,0.0,126.6,23.4,852.1,992.6,91,2.962085308056872,6.57648127995592,,62.5
202.0,11.0,141.0,206.0,1.7,942.0,801.0,7,0.9805825242718448,-7.820441958388408,0.9805825242718448,15.07
153.0,102.0,0.0,192.0,0.0,888.0,943.1,28,0.796875,4.92748485555411,0.796875,17.96
296.0,0.0,107.0,221.0,11.0,819.0,778.0,28,1.339366515837104,1.790303613111188,,31.42
135.0,0.0,166.0,180.0,10.0,961.0,805.0,28,0.75,0.3714923852491905,0.75,13.29
350.0,0.0,0.0,203.0,0.0,974.0,775.0,90,1.7241379310344829,0.9760785171628916,1.7241379310344829,31.35
186.2,124.1,0.0,185.7,0.0,1083.4,764.3,28,1.0026925148088317,-4.080131190837976,1.0026925148088317,17.6
214.9,53.8,121.9,155.6,9.6,1014.3,780.6,3,1.3811053984575836,5.5211519336889,,18.02
166.8,250.2,0.0,203.5,0.0,975.6,692.6,28,0.8196560196560198,0.473747472115906,0.8196560196560198,33.95
318.8,212.5,0.0,155.7,14.3,852.1,880.4,28,2.047527296082209,-4.530381836822175,,55.5
238.1,0.0,94.1,186.7,7.0,949.9,847.0,3,1.275307980717729,-9.60237125644621,1.275307980717729,19.93
337.9,189.0,0.0,174.9,9.5,944.7,755.8,56,1.9319611206403655,6.296676829939616,1.9319611206403655,59.89
313.3,262.2,0.0,175.5,8.6,1046.9,611.8,28,1.7851851851851852,-9.349424300956256,,59.8
425.0,106.3,0.0,153.5,16.5,852.1,887.1,28,2.768729641693811,-7.924290601045507,2.768729641693811,60.29
213.7,0.0,174.7,154.8,10.2,1053.5,776.4,3,1.3804909560723513,-3.768306444946582,,17.57
500.0,0.0,0.0,200.0,0.0,1125.0,613.0,7,2.5,-4.892142423935586,2.5,33.21
190.3,0.0,125.2,166.6,9.9,1079.0,798.9,14,1.1422569027611045,5.488411679987514,,19.42
446.0,24.0,79.0,162.0,11.6,967.0,712.0,7,2.753086419753086,8.956599291476614,2.753086419753086,38.02
302.0,0.0,0.0,203.0,0.0,974.0,817.0,14,1.4876847290640394,-10.213988606562475,,18.13
296.0,0.0,0.0,192.0,0.0,1085.0,765.0,90,1.5416666666666667,4.884685962270585,,29.39
238.0,0.0,0.0,186.0,0.0,1119.0,789.0,7,1.2795698924731185,2.0482378745110053,,12.05
313.3,262.2,0.0,175.5,8.6,1046.9,611.8,91,1.7851851851851852,-6.565458546813684,,66.6
313.3,145.0,0.0,178.5,8.0,1001.9,688.7,28,1.7551820728291316,-19.391034613031653,1.7551820728291316,41.05
172.4,13.6,172.4,156.8,4.1,1006.3,856.4,3,1.0994897959183674,5.692919024711118,1.0994897959183674,21.29
388.6,97.1,0.0,157.9,12.1,852.1,925.7,56,2.461051298290057,-10.56365290467421,2.461051298290057,55.2
375.0,93.8,0.0,126.6,23.4,852.1,992.6,7,2.962085308056872,2.088442177439114,2.962085308056872,45.7
313.3,262.2,0.0,175.5,8.6,1046.9,611.8,3,1.7851851851851852,12.304292531727754,1.7851851851851852,28.8
303.6,139.9,0.0,213.5,6.2,895.5,722.5,28,1.4220140515222484,-5.455873983982388,1.4220140515222484,33.42
167.0,75.4,167.0,164.0,7.9,1007.3,770.1,3,1.0182926829268293,-12.272913365884978,1.0182926829268293,15.52
382.0,0.0,0.0,185.0,0.0,1047.0,739.0,28,2.0648648648648646,-3.8299889733078185,2.0648648648648646,37.42
190.7,0.0,125.4,162.1,7.8,1090.0,804.0,14,1.176434299814929,2.8622988827862663,1.176434299814929,21.06
218.2,54.6,123.8,140.8,11.9,1075.7,792.7,100,1.549715909090909,3.213693776791532,,63.53
233.8,0.0,94.6,197.9,4.6,947.0,852.2,14,1.1814047498736735,-3.5721196165361686,1.1814047498736735,22.14
322.0,0.0,0.0,203.0,0.0,974.0,800.0,28,1.5862068965517242,18.391184988954,1.5862068965517242,25.18
159.1,186.7,0.0,175.6,11.3,989.6,788.9,28,0.9060364464692484,4.908143781843333,,32.77
108.3,162.4,0.0,203.5,0.0,938.2,849.0,90,0.5321867321867322,-1.1548832953915398,0.5321867321867322,29.23
102.0,153.0,0.0,192.0,0.0,887.0,942.0,28,0.53125,5.773376512345881,,17.28
252.3,0.0,98.8,146.3,14.2,987.8,889.0,3,1.7245386192754613,-8.048139051997616,1.7245386192754613,21.78
165.0,128.5,132.1,175.1,8.1,1005.8,746.6,56,0.9423186750428328,2.932785968774786,,53.72
265.0,111.0,86.0,195.0,6.0,833.0,790.0,28,1.358974358974359,-3.101612479487873,,41.54
325.6,166.4,0.0,174.0,8.9,881.6,790.0,28,1.871264367816092,16.602086981002124,1.871264367816092,61.24
148.5,139.4,108.6,192.7,6.1,892.4,780.0,28,0.7706279190451479,0.9602506137460904,0.7706279190451479,23.7
277.0,116.8,91.0,190.6,7.0,946.5,665.6,28,1.453305351521511,-15.116325847564248,,43.58
218.9,0.0,124.1,158.5,11.3,1078.7,794.9,3,1.3810725552050471,-6.184078270843732,1.3810725552050471,15.34
525.0,0.0,0.0,189.0,0.0,1125.0,613.0,270,2.7777777777777777,-4.138307600802977,2.7777777777777777,67.11
480.0,0.0,0.0,192.0,0.0,936.2,712.2,90,2.5,-4.61513495618519,2.5,54.32
425.0,106.3,0.0,153.5,16.5,852.1,887.1,56,2.768729641693811,-9.895605687024656,,64.3
540.0,0.0,0.0,162.0,2.5,1055.0,676.0,28,3.333333333333333,-1.1061144093694772,,61.89
200.0,133.0,0.0,192.0,0.0,965.4,806.2,90,1.0416666666666667,14.038353455874915,1.0416666666666667,43.25
305.3,203.5,0.0,203.5,0.0,965.4,631.0,90,1.5002457002457004,-0.7737048949631391,,54.6
387.0,20.0,94.0,157.0,13.9,938.0,845.0,7,2.464968152866242,0.6189464611809464,2.464968152866242,45.9
325.0,0.0,0.0,184.0,0.0,1063.0,783.0,7,1.766304347826087,12.23640255568491,,17.54
355.0,19.0,97.0,145.0,13.1,967.0,871.0,28,2.4482758620689653,-1.5227094246688655,,44.03
259.9,100.6,78.4,170.6,10.4,935.7,762.9,28,1.5234466588511135,4.558138241857631,1.5234466588511135,49.77
393.0,0.0,0.0,192.0,0.0,940.6,785.6,3,2.046875,-5.214688862417273,,19.2
249.1,0.0,98.8,158.1,12.8,987.8,889.0,56,1.575585072738773,-6.54576546586778,1.575585072738773,42.03
212.0,0.0,124.8,159.0,7.8,1085.4,799.5,28,1.3333333333333333,13.059290431453082,,38.5
362.6,189.0,0.0,164.9,11.6,944.7,755.8,56,2.198908429351122,3.7906633672943,,77.3
250.0,0.0,95.7,191.8,5.3,948.9,857.2,56,1.3034410844629822,-4.242060946979526,,39.64
229.7,0.0,118.2,195.2,6.1,1028.1,757.6,28,1.1767418032786885,-0.917891531735192,,24.54
182.0,45.2,122.0,170.2,8.2,1059.4,780.7,100,1.0693301997649824,6.796816776168197,,48.67
400.0,0.0,0.0,187.0,0.0,1025.0,745.0,7,2.1390374331550803,-2.6862775943210258,,30.14
500.0,0.0,0.0,200.0,0.0,1125.0,613.0,90,2.5,-0.3164412308532403,,47.22
251.4,0.0,118.3,188.5,5.8,1028.4,757.7,56,1.3336870026525198,-4.8017350172703575,1.3336870026525198,36.97
424.0,22.0,132.0,168.0,8.9,822.0,750.0,3,2.523809523809524,-1.911584374931278,,32.11
425.0,106.3,0.0,153.5,16.5,852.1,887.1,56,2.768729641693811,10.457142034259425,2.768729641693811,64.3
342.0,38.0,0.0,228.0,0.0,932.0,670.0,270,1.5,10.849920228566583,,55.06
238.0,0.0,0.0,186.0,0.0,1119.0,789.0,28,1.2795698924731185,7.861527871564111,,17.54
310.0,0.0,0.0,192.0,0.0,1012.0,830.0,90,1.6145833333333333,1.3669235050235349,,35.76
165.0,0.0,143.6,163.8,0.0,1005.6,900.9,14,1.0073260073260073,0.5401478512808716,,16.88
379.5,151.2,0.0,153.9,15.9,1134.3,605.0,3,2.46588693957115,-4.014056348676292,,28.6
212.5,0.0,100.4,159.3,8.7,1007.8,903.6,14,1.3339610797237915,-3.873872582930011,1.3339610797237915,26.31
145.9,230.5,0.0,202.5,3.4,827.0,871.8,28,0.7204938271604938,-4.512629045893827,,32.72
375.0,93.8,0.0,126.6,23.4,852.1,992.6,56,2.962085308056872,1.4770708682584337,,60.2
355.0,19.0,97.0,145.0,12.3,967.0,871.0,28,2.4482758620689653,-7.0049460270780575,,55.45
310.0,143.0,111.0,168.0,22.0,914.0,651.0,28,1.8452380952380956,-0.2774790990942494,1.8452380952380956,33.69
349.0,0.0,0.0,192.0,0.0,1056.0,809.0,120,1.8177083333333333,3.780779859304344,,40.86
305.3,203.5,0.0,203.5,0.0,965.4,631.0,3,1.5002457002457004,-1.92260318526508,,14.14
200.0,200.0,0.0,190.0,0.0,1145.0,660.0,28,1.0526315789473684,-3.7534052168376384,1.0526315789473684,49.25
356.0,119.0,0.0,160.0,9.0,1061.0,657.0,28,2.225,0.3758447501179364,,59.0
331.0,0.0,0.0,192.0,0.0,1025.0,821.0,120,1.7239583333333333,1.5667620407814524,1.7239583333333333,39.38
275.0,180.0,120.0,162.0,10.4,830.0,765.0,28,1.6975308641975309,-3.600523771833949,,76.24
252.0,97.0,76.0,194.0,8.0,835.0,821.0,28,1.2989690721649485,-5.101919874010528,1.2989690721649485,33.4
212.1,0.0,121.6,180.3,5.7,1057.6,779.3,28,1.1763727121464225,4.120282137669278,1.1763727121464225,24.9
251.4,0.0,118.3,192.9,5.8,1043.6,754.3,28,1.3032659409020215,-10.435756004038826,,33.27
322.2,0.0,115.6,196.0,10.4,817.9,813.4,28,1.643877551020408,0.3040278253456023,,31.18
148.1,0.0,136.6,158.1,16.1,1001.8,830.1,28,0.9367488931056294,1.9467155945815344,0.9367488931056294,17.96
122.6,183.9,0.0,203.5,0.0,958.2,800.1,90,0.6024570024570024,14.79164875956276,0.6024570024570024,33.19
475.0,0.0,0.0,162.0,9.5,1044.0,662.0,28,2.932098765432099,-4.795000183630183,2.932098765432099,58.52
349.0,0.0,0.0,192.0,0.0,1056.0,809.0,7,1.8177083333333333,3.2660220457157747,1.8177083333333333,9.01
287.3,120.5,93.9,187.6,9.2,904.4,695.9,28,1.531449893390192,1.5807968375391972,1.531449893390192,43.8
475.0,118.8,0.0,181.1,8.9,852.1,781.5,3,2.622860298177802,6.575220035001791,,37.8
321.3,164.2,0.0,190.5,4.6,870.0,774.0,28,1.6866141732283466,0.477042959361393,,57.22
401.8,94.7,0.0,147.4,11.4,946.8,852.1,56,2.7259158751696067,2.771585675975805,,73.7
102.0,153.0,0.0,192.0,0.0,887.0,942.0,3,0.53125,-2.1511095244386444,,4.57
309.9,142.8,111.2,167.8,22.1,913.9,651.2,28,1.84684147794994,-16.333878947394325,,38.22
190.3,0.0,125.2,161.9,9.9,1088.1,802.6,14,1.1754169240271772,6.071753763946139,,22.72
108.3,162.4,0.0,203.5,0.0,938.2,849.0,3,0.5321867321867322,5.687679745627932,,2.33
281.0,0.0,0.0,186.0,0.0,1104.0,774.0,28,1.510752688172043,-12.561797759123651,,22.44
342.0,38.0,0.0,228.0,0.0,932.0,670.0,90,1.5,5.907732639963284,1.5,50.46
520.0,0.0,0.0,170.0,5.2,855.0,855.0,28,3.0588235294117645,1.203150291809661,3.0588235294117645,60.28
382.0,0.0,0.0,186.0,0.0,1047.0,739.0,7,2.053763440860215,5.059261912444168,2.053763440860215,24.0
313.0,161.0,0.0,178.0,10.0,917.0,759.0,28,1.7584269662921348,-1.3369446425348348,,52.44
376.0,0.0,0.0,214.6,0.0,1003.5,762.4,100,1.7520969245107176,17.518423465741378,1.7520969245107176,43.06
272.8,105.1,81.8,209.7,9.0,904.0,679.7,28,1.3009060562708632,12.027186414137203,,37.17
167.4,129.9,128.6,175.5,7.8,1006.3,746.6,28,0.953846153846154,0.5927582433582015,,41.2
165.0,0.0,143.6,163.8,0.0,1005.6,900.9,28,1.0073260073260073,-2.155254675556462,1.0073260073260073,26.2
250.0,0.0,95.7,187.4,5.5,956.9,861.2,56,1.3340448239060831,16.977249576101066,,38.33
425.0,106.3,0.0,153.5,16.5,852.1,887.1,28,2.768729641693811,-11.214808502338249,,60.29
190.3,0.0,125.2,166.6,9.9,1079.0,798.9,3,1.1422569027611045,2.658512095836733,,12.55
295.8,0.0,0.0,185.7,0.0,1091.4,769.3,28,1.592891760904685,0.1473470335164136,1.592891760904685,25.22
143.7,170.2,132.6,191.6,8.5,814.1,805.3,28,0.75,-0.7178855542978138,0.75,29.87
296.0,0.0,0.0,186.0,0.0,1090.0,769.0,7,1.5913978494623655,13.323795555700611,,18.91
313.0,145.0,0.0,178.0,8.0,867.0,824.0,28,1.7584269662921348,9.507146187584672,1.7584269662921348,44.39
218.2,54.6,123.8,140.8,11.9,1075.7,792.7,28,1.549715909090909,12.261911304020622,,55.51
480.0,0.0,0.0,192.0,0.0,936.2,712.2,7,2.5,8.050342473715524,,34.57
277.1,0.0,97.4,160.6,11.8,973.9,875.6,100,1.7254047322540476,4.376779049360303,1.7254047322540476,55.64
290.4,0.0,96.2,168.1,9.4,961.2,865.0,100,1.727543129089827,4.882962123467719,,48.97
214.9,53.8,121.9,155.6,9.6,1014.3,780.6,100,1.3811053984575836,0.7814087883906538,1.3811053984575836,56.63
160.0,128.0,122.0,182.0,6.4,824.0,879.0,28,0.8791208791208791,-0.9163187620209432,,39.4
393.0,0.0,0.0,192.0,0.0,940.6,785.6,7,2.046875,0.6927182997831993,2.046875,27.74
290.4,0.0,96.2,168.1,9.4,961.2,865.0,14,1.727543129089827,-6.631960087376578,,34.67
218.2,54.6,123.8,140.8,11.9,1075.7,792.7,14,1.549715909090909,4.154772113929378,,35.96
500.0,0.0,0.0,200.0,0.0,1125.0,613.0,28,2.5,-7.385865968887234,,44.09
260.0,101.0,78.0,171.0,10.0,936.0,763.0,28,1.52046783625731,5.189679100717141,1.52046783625731,49.77
251.4,0.0,118.3,188.5,6.4,1028.4,757.7,28,1.3336870026525198,5.297045396168373,,32.66
159.0,187.0,0.0,176.0,11.0,990.0,789.0,28,0.9034090909090908,-6.38637795630763,0.9034090909090908,32.76
310.0,0.0,0.0,192.0,0.0,970.0,850.0,360,1.6145833333333333,8.254756315749079,,38.11
202.0,11.0,141.0,206.0,1.7,942.0,801.0,56,0.9805825242718448,0.794658443433807,0.9805825242718448,23.25
380.0,95.0,0.0,228.0,0.0,932.0,594.0,180,1.6666666666666667,8.456977809751326,1.6666666666666667,40.76
379.5,151.2,0.0,153.9,15.9,1134.3,605.0,91,2.46588693957115,0.1040151350232561,2.46588693957115,56.5
380.0,0.0,0.0,228.0,0.0,932.0,670.0,365,1.6666666666666667,-4.355061796201461,,52.52
158.6,148.9,116.0,175.1,15.0,953.3,719.7,28,0.9057681324957167,-2.248802343087639,0.9057681324957167,27.68
141.3,212.0,0.0,203.5,0.0,971.8,748.5,7,0.6943488943488944,-4.374871529923137,0.6943488943488944,10.39
469.0,117.2,0.0,137.8,32.2,852.1,840.5,28,3.4034833091436862,11.222354487488792,3.4034833091436862,66.9
231.8,0.0,121.6,174.0,6.7,1056.4,778.5,3,1.332183908045977,1.0459246182887307,,15.44
203.5,135.7,0.0,185.7,0.0,1076.2,759.3,28,1.0958535271943997,9.150032345655433,,22.63
359.0,19.0,141.0,154.0,10.9,942.0,801.0,7,2.331168831168831,0.3846795732910559,2.331168831168831,35.75
273.0,0.0,90.0,199.0,11.0,931.0,762.0,28,1.371859296482412,8.533397516713231,,32.24
151.0,0.0,185.0,167.0,16.0,1074.0,678.0,28,0.9041916167664672,4.058192248858382,,13.46
427.5,47.5,0.0,228.0,0.0,932.0,594.0,365,1.875,1.370946249519764,,43.7
212.0,0.0,124.8,159.0,7.8,1085.4,799.5,56,1.3333333333333333,-11.44113102368506,,45.08
290.4,0.0,96.2,168.1,9.4,961.2,865.0,28,1.727543129089827,-4.481448321575757,,34.74
424.0,22.0,132.0,178.0,8.5,822.0,750.0,56,2.3820224719101124,-0.4019048755930956,,65.7
251.4,0.0,118.3,188.5,5.8,1028.4,757.7,100,1.3336870026525198,0.5584166799201513,,43.58
237.5,237.5,0.0,228.0,0.0,932.0,594.0,365,1.0416666666666667,-0.9251862591059242,,39.0
251.4,0.0,118.3,188.5,5.8,1028.4,757.7,28,1.3336870026525198,1.5924775645877602,,29.65
160.0,250.0,0.0,168.0,12.0,1049.0,688.0,28,0.9523809523809524,2.28692312579924,,39.45
385.0,0.0,0.0,186.0,0.0,966.0,763.0,1,2.0698924731182795,-0.768479197797199,2.0698924731182795,6.27
168.9,42.2,124.3,158.3,10.8,1080.8,796.2,56,1.0669614655716992,2.4583961670128747,,39.15
144.0,15.0,195.0,176.0,6.0,1021.0,709.0,28,0.8181818181818182,15.04925655552472,,15.34
165.0,128.5,132.1,175.1,8.1,1005.8,746.6,100,0.9423186750428328,-9.583023140710788,,55.02
374.0,189.2,0.0,170.1,10.1,926.1,756.7,28,2.1987066431510875,-0.2776941576419465,,61.09
446.0,24.0,79.0,162.0,11.6,967.0,712.0,56,2.753086419753086,1.6277090869377848,2.753086419753086,55.25
298.0,0.0,107.0,186.0,6.0,879.0,815.0,28,1.6021505376344083,-5.099097018452142,1.6021505376344083,42.64
290.2,193.5,0.0,185.7,0.0,998.2,704.3,28,1.5627355950457729,1.9857646904026889,,33.04
439.0,177.0,0.0,186.0,11.1,884.9,707.9,3,2.360215053763441,4.106139464906849,,39.3
332.5,142.5,0.0,228.0,0.0,932.0,594.0,90,1.4583333333333333,-15.677360991038205,1.4583333333333333,37.72
321.0,0.0,128.0,182.0,11.0,870.0,780.0,28,1.7637362637362637,-12.125952919977856,,37.26
190.0,190.0,0.0,228.0,0.0,932.0,670.0,28,0.8333333333333334,2.893088200381073,,40.86
310.0,0.0,0.0,192.0,0.0,1012.0,830.0,28,1.6145833333333333,5.94611275218172,1.6145833333333333,27.83
213.7,0.0,174.7,154.8,10.2,1053.5,776.4,100,1.3804909560723513,-5.747553770019488,1.3804909560723513,50.08
500.0,0.0,0.0,200.0,0.0,1125.0,613.0,1,2.5,1.4941341158166266,,12.64
439.0,177.0,0.0,186.0,11.1,884.9,707.9,28,2.360215053763441,12.399475240140315,2.360215053763441,66.0
314.0,0.0,113.0,170.0,10.0,925.0,783.0,28,1.847058823529412,1.6233841668103977,1.847058823529412,38.46
181.4,0.0,167.0,169.6,7.6,1055.6,777.8,100,1.0695754716981132,2.247934941880261,,45.37
162.0,190.0,148.0,179.0,19.0,838.0,741.0,28,0.905027932960894,-10.755604088274216,,33.76
366.0,187.0,0.0,191.3,6.6,824.3,756.9,28,1.913225300575013,-5.175494221644591,,65.91
323.7,282.8,0.0,183.8,10.3,942.7,659.9,28,1.7611534276387375,-12.405307448529062,1.7611534276387375,74.7
387.0,20.0,94.0,157.0,14.3,938.0,845.0,3,2.464968152866242,13.497133080580518,,22.75
277.0,0.0,0.0,191.0,0.0,968.0,856.0,180,1.450261780104712,1.03376945580182,1.450261780104712,32.33
139.6,209.4,0.0,192.0,0.0,1047.0,806.9,28,0.7270833333333333,-1.8062104038922853,0.7270833333333333,28.24
322.0,0.0,0.0,203.0,0.0,974.0,800.0,14,1.5862068965517242,11.27477952148464,,20.77
141.3,212.0,0.0,203.5,0.0,971.8,748.5,28,0.6943488943488944,-1.847476241669424,0.6943488943488944,29.89
376.0,0.0,0.0,214.6,0.0,1003.5,762.4,3,1.7520969245107176,17.22545966009245,,16.28
389.9,189.0,0.0,145.9,22.0,944.7,755.8,3,2.6723783413296776,0.7766203947843231,2.6723783413296776,40.6
289.0,134.0,0.0,195.0,6.0,924.0,760.0,28,1.482051282051282,4.8631720777323135,1.482051282051282,46.24
139.9,132.6,103.3,200.3,7.4,916.0,753.4,28,0.6984523215177234,-8.56067813060922,,36.44
122.6,183.9,0.0,203.5,0.0,958.2,800.1,7,0.6024570024570024,-2.908897697710847,,10.35
424.0,22.0,132.0,178.0,8.5,822.0,750.0,7,2.3820224719101124,2.1636546062387105,,39.0
531.3,0.0,0.0,141.8,28.2,852.1,893.7,3,3.746826516220028,-15.900551316807142,,41.3
213.5,0.0,174.2,154.6,11.7,1052.3,775.5,14,1.3809831824062095,2.4872605247840367,,33.7
239.6,359.4,0.0,185.7,0.0,941.6,664.3,7,1.2902530963920302,2.035366746409705,,25.42
349.0,0.0,0.0,192.0,0.0,1047.0,806.0,180,1.8177083333333333,1.6615014973048892,,41.05
485.0,0.0,0.0,146.0,0.0,1120.0,800.0,28,3.3219178082191783,-5.160958036840994,,71.99
149.0,236.0,0.0,176.0,13.0,847.0,893.0,28,0.8465909090909091,8.353287016552576,0.8465909090909091,32.96
236.0,157.0,0.0,192.0,0.0,972.6,749.1,28,1.2291666666666667,4.74481006374707,1.2291666666666667,32.88
374.0,189.2,0.0,170.1,10.1,926.1,756.7,91,2.1987066431510875,9.268764632059233,,64.9
331.0,0.0,0.0,192.0,0.0,978.0,825.0,360,1.7239583333333333,14.49958846397543,,41.24
491.0,26.0,123.0,210.0,3.9,882.0,699.0,7,2.3380952380952382,-11.18854059055313,2.3380952380952382,33.49
331.0,0.0,0.0,192.0,0.0,978.0,825.0,90,1.7239583333333333,3.673440633827493,1.7239583333333333,37.23
178.0,129.8,118.6,179.9,3.6,1007.3,746.8,28,0.989438576987215,12.018856416768225,0.989438576987215,39.16
284.0,120.0,0.0,168.0,7.0,970.0,794.0,28,1.6904761904761905,1.1737094914665829,,40.93
237.0,92.0,71.0,247.0,6.0,853.0,695.0,28,0.9595141700404858,-5.847440319535353,0.9595141700404858,28.63
446.0,24.0,79.0,162.0,11.6,967.0,712.0,28,2.753086419753086,10.934994139556196,2.753086419753086,51.02
540.0,0.0,0.0,173.0,0.0,1125.0,613.0,28,3.121387283236994,8.429134372862716,,67.31
251.4,0.0,118.3,192.9,5.8,1043.6,754.3,100,1.3032659409020215,-2.200413577213152,,40.15
316.1,210.7,0.0,185.7,0.0,977.0,689.3,7,1.702207862143242,8.300319554063194,1.702207862143242,24.44
213.5,0.0,174.2,159.2,11.7,1043.6,771.9,3,1.3410804020100504,12.409215804180183,,15.61
290.2,193.5,0.0,185.7,0.0,998.2,704.3,7,1.5627355950457729,2.707971259955313,,21.86
336.5,0.0,0.0,181.9,3.4,985.8,816.8,28,1.8499175371083008,10.633220241059451,1.8499175371083008,44.87
133.0,200.0,0.0,192.0,0.0,927.4,839.2,90,0.6927083333333334,3.914996489823345,0.6927083333333334,36.59
144.0,170.0,133.0,192.0,8.0,814.0,805.0,28,0.75,-3.1467104986188854,,29.87
160.2,188.0,146.4,203.2,11.3,828.7,709.7,28,0.7883858267716536,8.396421722554681,,35.31
251.8,0.0,99.9,146.1,12.4,1006.0,899.8,14,1.7234770704996578,0.1680307330620724,,33.36
350.0,0.0,0.0,203.0,0.0,974.0,775.0,14,1.7241379310344829,-6.8668622414497085,,22.53
165.0,128.5,132.1,175.1,8.1,1005.8,746.6,3,0.9423186750428328,-1.139035880170348,0.9423186750428328,19.42
480.0,0.0,0.0,192.0,0.0,936.2,712.2,28,2.5,-3.076444353838603,,43.94
389.9,189.0,0.0,145.9,22.0,944.7,755.8,7,2.6723783413296776,19.70593689988229,,59.09
323.7,282.8,0.0,183.8,10.3,942.7,659.9,56,1.7611534276387375,1.8580295772880284,,80.2
158.8,238.2,0.0,185.7,0.0,1040.6,734.3,7,0.8551427032848682,9.34225649327846,,9.62
153.0,145.0,113.0,178.0,8.0,1002.0,689.0,28,0.8595505617977528,-4.246950183362565,,25.56
475.0,0.0,59.0,142.0,1.9,1098.0,641.0,28,3.3450704225352115,-6.7177747374462085,,57.23
425.0,106.3,0.0,151.4,18.6,936.0,803.7,91,2.807133421400264,3.3022474154919865,2.807133421400264,66.7
192.0,288.0,0.0,192.0,0.0,929.8,716.1,3,1.0,-2.039817739366842,1.0,12.79
275.1,0.0,121.4,159.5,9.9,1053.6,777.5,100,1.7247648902821318,3.3034516342049947,1.7247648902821318,58.61
157.0,236.0,0.0,192.0,0.0,935.4,781.2,28,0.8177083333333334,-0.2620261617279871,,33.66
229.7,0.0,118.2,195.2,6.1,1028.1,757.6,100,1.1767418032786885,6.926041553360972,,40.86
149.0,118.0,92.0,183.0,7.0,953.0,780.0,28,0.8142076502732241,9.354364723565382,,23.52
154.0,144.0,112.0,220.0,10.0,923.0,658.0,28,0.7,-7.349215571873586,,16.5
277.2,97.8,24.5,160.7,11.2,1061.7,782.5,3,1.7249533291848165,-0.1521296632215106,1.7249533291848165,30.45
194.7,0.0,100.5,165.6,7.5,1006.4,905.9,3,1.1757246376811594,1.385447406809456,1.1757246376811594,12.45
135.7,203.5,0.0,185.7,0.0,1076.2,759.3,28,0.7307485191168551,6.166921551095735,,18.2
436.0,0.0,0.0,218.0,0.0,838.4,719.7,28,2.0,-13.29216049815168,,23.85
380.0,95.0,0.0,228.0,0.0,932.0,594.0,28,1.6666666666666667,6.13947783322327,,36.45
355.9,0.0,141.6,193.3,11.0,801.4,778.4,28,1.84117951370926,-5.513502544716543,,40.87
212.0,141.3,0.0,203.5,0.0,973.4,750.0,3,1.0417690417690415,9.274638426913985,1.0417690417690415,6.81
297.2,0.0,117.5,174.8,9.5,1022.8,753.5,14,1.7002288329519448,-6.577763164531452,,36.99
350.0,0.0,0.0,186.0,0.0,1050.0,770.0,28,1.881720430107527,-1.9659445126875543,,34.29
154.0,174.0,185.0,228.0,7.0,845.0,612.0,28,0.6754385964912281,-11.584111203329952,,24.34
289.0,0.0,0.0,192.0,0.0,913.2,895.3,28,1.5052083333333333,2.9691669869704707,1.5052083333333333,25.57
339.0,0.0,0.0,185.0,0.0,1069.0,754.0,28,1.8324324324324324,-1.980149084412038,,31.84
425.0,106.3,0.0,153.5,16.5,852.1,887.1,91,2.768729641693811,-0.6168136753128336,,65.2
231.8,0.0,121.6,174.0,6.7,1056.4,778.5,28,1.332183908045977,-11.486897209435517,1.332183908045977,33.73
173.0,116.0,0.0,192.0,0.0,946.8,856.8,3,0.9010416666666666,-2.74150075264279,,6.94
296.0,0.0,106.7,221.4,10.5,819.2,778.4,28,1.3369467028003612,-10.242435189367155,,31.42
491.0,26.0,123.0,201.0,3.9,822.0,699.0,3,2.442786069651741,-5.205140552974616,2.442786069651741,29.55
362.6,189.0,0.0,164.9,11.6,944.7,755.8,28,2.198908429351122,-8.498429709808839,,71.3
304.0,76.0,0.0,228.0,0.0,932.0,670.0,28,1.3333333333333333,-13.799342660104262,1.3333333333333333,47.81
166.1,0.0,163.3,176.5,4.5,1058.6,780.1,100,0.9410764872521246,-12.901726969517211,0.9410764872521246,33.54
238.0,0.0,0.0,185.0,0.0,1118.0,789.0,28,1.2864864864864864,1.4216080074660309,,17.54
362.6,189.0,0.0,164.9,11.6,944.7,755.8,56,2.198908429351122,-5.714811344210943,,77.3
173.8,93.4,159.9,172.3,9.7,1007.2,746.6,14,1.0087057457922228,-7.719387684640836,,29.55
192.0,288.0,0.0,192.0,0.0,929.8,716.1,7,1.0,-4.359352694471598,,21.48
337.9,189.0,0.0,174.9,9.5,944.7,755.8,91,1.9319611206403655,3.8597793219454815,,67.8
153.0,145.0,113.0,178.0,8.0,867.0,824.0,28,0.8595505617977528,14.773658605888269,,26.23
446.0,24.0,79.0,162.0,11.6,967.0,712.0,28,2.753086419753086,-12.121528497588418,,44.42
194.7,0.0,100.5,170.2,7.5,998.0,901.8,100,1.1439482961222092,-4.60654592515744,,44.28
446.0,24.0,79.0,162.0,11.6,967.0,712.0,3,2.753086419753086,-1.9922883164510263,2.753086419753086,35.36
252.3,0.0,98.8,146.3,14.2,987.8,889.0,28,1.7245386192754613,9.264886988000542,1.7245386192754613,50.6
168.0,42.1,163.8,121.8,5.7,1058.7,780.1,56,1.3793103448275863,-8.621958223434449,1.3793103448275863,32.85
250.2,166.8,0.0,203.5,0.0,977.6,694.1,28,1.2294840294840297,1.6881397376209473,,36.96
213.5,0.0,174.2,159.2,11.7,1043.6,771.9,56,1.3410804020100504,-6.342982658098753,,51.26
307.0,0.0,0.0,193.0,0.0,968.0,812.0,3,1.5906735751295338,10.76336036923982,1.5906735751295338,12.54
148.0,0.0,182.0,181.0,15.0,839.0,884.0,28,0.8176795580110497,1.7532026213115115,,15.52
155.2,183.9,143.2,193.8,9.2,879.6,698.5,28,0.8008255933952527,-12.671222587885786,,28.99
376.0,0.0,0.0,214.6,0.0,1003.5,762.4,14,1.7520969245107176,-6.138780503104396,,25.62
146.0,173.0,0.0,182.0,3.0,986.0,817.0,28,0.8021978021978022,17.30603778644368,0.8021978021978022,23.74
166.8,250.2,0.0,203.5,0.0,975.6,692.6,7,0.8196560196560198,-8.88460676372663,0.8196560196560198,15.75
200.0,0.0,0.0,180.0,0.0,1125.0,845.0,7,1.1111111111111112,-1.0062953607971852,,7.84
307.0,0.0,0.0,193.0,0.0,968.0,812.0,28,1.5906735751295338,12.745493013115176,1.5906735751295338,27.53
167.0,187.0,195.0,185.0,7.0,898.0,636.0,28,0.9027027027027028,-17.590447652960655,,23.89
297.0,0.0,0.0,186.0,0.0,1040.0,734.0,7,1.596774193548387,-14.726993850653162,,30.96
393.0,0.0,0.0,192.0,0.0,940.0,758.0,90,2.046875,-2.473376987749115,2.046875,48.79
213.5,0.0,174.2,154.6,11.7,1052.3,775.5,28,1.3809831824062095,11.802849735596416,,45.94
397.0,0.0,0.0,185.7,0.0,1040.6,734.3,28,2.13785675821217,16.60320638916351,,33.08
212.0,141.3,0.0,203.5,0.0,973.4,750.0,7,1.0417690417690415,-2.971526927966332,,15.03
133.1,210.2,0.0,195.7,3.1,949.4,795.3,28,0.6801226366888095,6.979658626241157,0.6801226366888095,28.94
145.7,172.6,0.0,181.9,3.4,985.8,816.8,28,0.8009895547003847,6.7251483919097925,,23.74
359.0,19.0,141.0,154.0,10.9,942.0,801.0,28,2.331168831168831,4.564789348745275,2.331168831168831,62.94
183.9,122.6,0.0,203.5,0.0,959.2,800.0,3,0.9036855036855036,9.01252023638206,0.9036855036855036,4.9
213.7,0.0,174.7,154.8,10.2,1053.5,776.4,28,1.3804909560723513,-11.584674731978591,1.3804909560723513,40.15
356.0,0.0,142.0,193.0,11.0,801.0,778.0,28,1.844559585492228,-6.65884458483383,,40.87
228.0,342.1,0.0,185.7,0.0,955.8,674.3,28,1.227786752827141,13.411498498202262,1.227786752827141,39.7
261.0,100.0,78.0,201.0,9.0,864.0,761.0,28,1.2985074626865671,-11.034553824116218,1.2985074626865671,32.4
317.9,0.0,126.5,209.7,5.7,860.5,736.6,28,1.5159752026704816,10.539152525074606,1.5159752026704816,40.06
153.0,102.0,0.0,192.0,0.0,888.0,943.1,90,0.796875,-10.243434819970265,,26.32
236.0,0.0,0.0,194.0,0.0,968.0,885.0,28,1.2164948453608246,-9.957237626491336,,18.42
192.0,288.0,0.0,192.0,0.0,929.8,716.1,90,1.0,-9.777022471135565,,50.73
374.0,0.0,0.0,190.0,7.0,1013.0,730.0,28,1.9684210526315788,-7.986832325910328,,39.05
480.0,0.0,0.0,192.0,0.0,936.0,721.0,90,2.5,-4.998548621565431,,54.28
141.3,212.0,0.0,203.5,0.0,971.8,748.5,90,0.6943488943488944,8.826415056132172,0.6943488943488944,39.66
160.0,188.0,146.0,203.0,11.0,829.0,710.0,28,0.7881773399014779,-4.443816953282037,,32.84
375.0,0.0,0.0,186.0,0.0,1038.0,758.0,28,2.0161290322580645,-10.319687197928433,2.0161290322580645,38.21
139.7,163.9,127.7,236.7,5.8,868.6,655.6,28,0.5901985635825939,3.3933275712153312,0.5901985635825939,35.23
173.0,116.0,0.0,192.0,0.0,946.8,856.8,28,0.9010416666666666,-9.032414169737834,,24.28
153.1,145.0,113.0,178.5,8.0,867.2,824.0,28,0.857703081232493,-0.3646881308439824,0.857703081232493,26.23
298.1,0.0,107.0,186.4,6.1,879.0,815.2,28,1.5992489270386268,-4.281881692484544,1.5992489270386268,42.64
304.0,76.0,0.0,228.0,0.0,932.0,670.0,180,1.3333333333333333,2.650107451228512,,50.95
181.9,272.8,0.0,185.7,0.0,1012.4,714.3,28,0.979536887452881,-3.295015728979739,,27.94
480.0,0.0,0.0,192.0,0.0,936.2,712.2,3,2.5,6.685536896521135,2.5,24.4
153.0,102.0,0.0,192.0,0.0,888.0,943.1,3,0.796875,-21.207758467144096,,4.78
159.0,149.0,116.0,175.0,15.0,953.0,720.0,28,0.9085714285714286,7.87457918781267,,27.68
222.4,0.0,96.7,189.3,4.5,967.1,870.3,56,1.1748547279450607,-0.5826313012549822,1.1748547279450607,29.45
212.1,0.0,121.6,180.3,5.7,1057.6,779.3,56,1.1763727121464225,4.11028760729767,,34.2
220.8,147.2,0.0,185.7,0.0,1055.0,744.3,28,1.1890145395799678,2.3181988551713038,,25.75
387.0,20.0,94.0,157.0,13.9,938.0,845.0,3,2.464968152866242,7.053118055595604,,25.51
446.0,24.0,79.0,162.0,10.3,967.0,712.0,28,2.753086419753086,13.15974170801027,2.753086419753086,53.39
203.5,135.7,0.0,185.7,0.0,1076.2,759.3,7,1.0958535271943997,-8.064690487339233,1.0958535271943997,11.96
155.0,183.0,0.0,193.0,9.0,877.0,868.0,28,0.8031088082901554,1.5287925441592267,0.8031088082901554,23.79
167.4,129.9,128.6,175.5,7.8,1006.3,746.6,56,0.953846153846154,-4.110935338693548,,51.72
424.0,22.0,132.0,168.0,8.9,822.0,750.0,28,2.523809523809524,-6.647600931288302,2.523809523809524,72.1
213.7,98.1,24.5,181.7,6.9,1065.8,785.4,56,1.1761144744083654,0.3645747192305102,1.1761144744083654,50.77
525.0,0.0,0.0,189.0,0.0,1125.0,613.0,180,2.7777777777777777,8.425222826663228,,61.92
230.0,0.0,118.3,195.5,4.6,1029.4,758.6,28,1.1764705882352942,9.084525121444791,1.1764705882352942,24.48
167.4,129.9,128.6,175.5,7.8,1006.3,746.6,14,0.953846153846154,-1.991713187832588,0.953846153846154,31.81
277.0,0.0,0.0,191.0,0.0,968.0,856.0,28,1.450261780104712,2.2397490105585622,1.450261780104712,25.97
194.7,0.0,100.5,165.6,7.5,1006.4,905.9,28,1.1757246376811594,-7.070859489609064,1.1757246376811594,25.72
382.0,0.0,0.0,186.0,0.0,1111.0,784.0,7,2.053763440860215,4.974479697737571,2.053763440860215,11.47
225.0,0.0,0.0,181.0,0.0,1113.0,833.0,28,1.2430939226519335,-13.539717037718557,,17.34
362.6,189.0,0.0,164.9,11.6,944.7,755.8,91,2.198908429351122,11.628272617258537,,79.3
213.8,98.1,24.5,181.7,6.7,1066.0,785.5,14,1.1766648321408917,5.07135217854409,1.1766648321408917,17.84
290.4,0.0,96.2,168.1,9.4,961.2,865.0,56,1.727543129089827,5.978348840986095,,45.08
475.0,0.0,0.0,228.0,0.0,932.0,594.0,180,2.083333333333333,-11.298429610682332,,42.62
525.0,0.0,0.0,189.0,0.0,1125.0,613.0,28,2.7777777777777777,0.6582719142033935,,55.94
318.8,212.5,0.0,155.7,14.3,852.1,880.4,91,2.047527296082209,2.729215798533151,2.047527296082209,68.1
337.9,189.0,0.0,174.9,9.5,944.7,755.8,28,1.9319611206403655,6.508137738957358,1.9319611206403655,49.9
359.0,19.0,141.0,154.0,10.9,942.0,801.0,28,2.331168831168831,-6.106073252340135,2.331168831168831,59.49
212.0,141.3,0.0,203.5,0.0,973.4,750.0,90,1.0417690417690415,-8.648506620799179,,39.7
310.0,0.0,0.0,192.0,0.0,1012.0,830.0,120,1.6145833333333333,-1.471866690821433,1.6145833333333333,38.7
500.0,0.0,0.0,200.0,0.0,1125.0,613.0,270,2.5,0.2265470090436893,,55.16
116.0,173.0,0.0,192.0,0.0,909.8,891.9,7,0.6041666666666666,0.9138211892963172,,10.09
150.7,0.0,185.3,166.7,15.6,1074.5,678.0,28,0.904019196160768,-0.6572094271405504,0.904019196160768,13.46
375.0,93.8,0.0,126.6,23.4,852.1,992.6,3,2.962085308056872,-20.957960832717955,2.962085308056872,29.0
254.0,0.0,0.0,198.0,0.0,968.0,863.0,180,1.2828282828282829,1.791072194233051,,27.63
152.7,144.7,0.0,178.1,8.0,999.7,822.2,28,0.8573834924199887,2.8164431721143743,0.8573834924199887,19.01
213.7,98.1,24.5,181.7,6.9,1065.8,785.4,100,1.1761144744083654,-5.212802780846537,1.1761144744083654,53.9
277.2,97.8,24.5,160.7,11.2,1061.7,782.5,100,1.7249533291848165,2.581748482704716,,66.95
284.0,15.0,141.0,179.0,5.5,842.0,801.0,56,1.5865921787709498,-5.3009900715667735,,44.52
238.1,0.0,94.1,186.7,7.0,949.9,847.0,100,1.275307980717729,14.123633922248777,1.275307980717729,44.3
108.3,162.4,0.0,203.5,0.0,938.2,849.0,7,0.5321867321867322,-10.008908611082424,0.5321867321867322,7.72
531.3,0.0,0.0,141.8,28.2,852.1,893.7,56,3.746826516220028,4.175532524935181,,58.8
500.0,0.0,0.0,140.0,4.0,966.0,853.0,28,3.571428571428572,-6.466386282841212,,67.57
140.0,164.0,128.0,237.0,6.0,869.0,656.0,28,0.5907172995780591,12.380041610640491,,35.23
250.0,180.0,95.0,159.0,9.5,860.0,800.0,28,1.572327044025157,-12.755421270354937,1.572327044025157,67.87
362.6,189.0,0.0,164.9,11.6,944.7,755.8,7,2.198908429351122,-0.212111003593735,2.198908429351122,55.9
350.0,0.0,0.0,203.0,0.0,974.0,775.0,28,1.7241379310344829,5.602479035271931,,27.34
450.1,50.0,0.0,200.0,3.0,1124.4,613.2,28,2.2505,-7.187317370786864,2.2505,39.38
212.5,0.0,100.4,159.3,8.7,1007.8,903.6,100,1.3339610797237915,3.5505554251698275,,42.92
339.0,0.0,0.0,185.0,0.0,1069.0,754.0,7,1.8324324324324324,-5.817097406598949,,21.16
400.0,0.0,0.0,187.0,0.0,1025.0,745.0,28,2.1390374331550803,-10.360630176508929,2.1390374331550803,43.7
210.7,316.1,0.0,185.7,0.0,977.0,689.3,28,1.1346257404415725,18.165542862435167,,37.81
213.7,98.1,24.5,181.7,6.9,1065.8,785.4,3,1.1761144744083654,5.436781991477407,,18.0
153.0,102.0,0.0,192.0,0.0,888.0,943.1,7,0.796875,-0.3010776193987869,,8.37
182.0,45.2,122.0,170.2,8.2,1059.4,780.7,28,1.0693301997649824,-3.944007477270663,1.0693301997649824,31.27
202.0,11.0,141.0,206.0,1.7,942.0,801.0,3,0.9805825242718448,4.007337500995046,,9.85
203.5,305.3,0.0,203.5,0.0,963.4,630.0,3,1.0,-1.4792170915439122,,9.56
289.0,0.0,0.0,192.0,0.0,913.2,895.3,90,1.5052083333333333,-0.5286383891785326,1.5052083333333333,32.07
143.0,169.4,142.7,190.7,8.4,967.4,643.5,28,0.7498689040377556,3.6540257532302713,,29.73
425.0,106.3,0.0,153.5,16.5,852.1,887.1,91,2.768729641693811,7.7070090339545745,,65.2
350.0,0.0,0.0,186.0,0.0,1050.0,770.0,7,1.881720430107527,-12.02514362494485,,20.28
194.7,0.0,100.5,170.2,7.5,998.0,901.8,56,1.1439482961222092,-0.8562428796364626,,43.39
234.0,156.0,0.0,189.0,5.9,981.0,760.0,28,1.238095238095238,9.902530495787694,,39.3
151.6,0.0,111.9,184.4,7.9,992.0,815.9,28,0.8221258134490238,-0.7934069102350633,,12.18
251.4,0.0,118.3,188.5,5.8,1028.4,757.7,3,1.3336870026525198,-7.852069208383607,1.3336870026525198,17.22
173.0,116.0,0.0,192.0,0.0,946.8,856.8,7,0.9010416666666666,0.8514418215351747,0.9010416666666666,11.39
349.0,0.0,0.0,192.0,0.0,1047.0,806.0,360,1.8177083333333333,2.172630697562988,,42.13
190.0,190.0,0.0,228.0,0.0,932.0,670.0,180,0.8333333333333334,-3.0806582433305323,0.8333333333333334,46.93
331.0,0.0,0.0,192.0,0.0,978.0,825.0,7,1.7239583333333333,8.646245804436974,,16.26
525.0,0.0,0.0,189.0,0.0,1125.0,613.0,3,2.7777777777777777,-11.884482984295776,2.7777777777777777,33.8
313.8,0.0,112.6,169.9,10.1,925.3,782.9,28,1.8469688051795172,-3.871086672434573,,38.46
249.1,0.0,98.8,158.1,12.8,987.8,889.0,14,1.575585072738773,0.7759677199417455,,28.68
288.0,192.0,0.0,192.0,0.0,932.0,717.8,7,1.5,-2.88772932655264,,23.52
162.0,214.0,164.0,202.0,10.0,820.0,680.0,28,0.801980198019802,-4.471374778172707,0.801980198019802,30.65
425.0,106.3,0.0,153.5,16.5,852.1,887.1,3,2.768729641693811,-1.7573751027000954,2.768729641693811,33.4
166.1,0.0,163.3,176.5,4.5,1058.6,780.1,14,0.9410764872521246,18.51726853338807,,25.48
190.0,190.0,0.0,228.0,0.0,932.0,670.0,365,0.8333333333333334,6.580359296825512,,53.69
193.5,290.2,0.0,185.7,0.0,998.2,704.3,28,1.0420032310177707,-3.900849792579948,1.0420032310177707,32.63
424.0,22.0,132.0,178.0,8.5,882.0,750.0,3,2.3820224719101124,0.3881730235586159,,32.01
203.5,305.3,0.0,203.5,0.0,963.4,630.0,7,1.0,-2.181788557981364,,19.54
397.0,17.2,158.0,167.0,20.8,967.0,633.0,28,2.377245508982036,3.9353533720520457,,55.65
389.9,189.0,0.0,145.9,22.0,944.7,755.8,56,2.6723783413296776,5.252428869070638,,79.4
122.6,183.9,0.0,203.5,0.0,958.2,800.1,3,0.6024570024570024,4.848079610765117,0.6024570024570024,3.32
500.0,0.0,0.0,200.0,0.0,1125.0,613.0,3,2.5,-6.04306345882658,2.5,26.06
237.5,237.5,0.0,228.0,0.0,932.0,594.0,28,1.0416666666666667,1.6709087600380432,1.0416666666666667,30.08
266.0,114.0,0.0,228.0,0.0,932.0,670.0,270,1.1666666666666667,-1.485271813310537,1.1666666666666667,51.73
198.6,132.4,0.0,192.0,0.0,978.4,825.5,180,1.034375,-0.1079777979034713,1.034375,41.72
427.5,47.5,0.0,228.0,0.0,932.0,594.0,7,1.875,-5.758753667157669,1.875,35.08
310.0,0.0,0.0,192.0,0.0,970.0,850.0,28,1.6145833333333333,-3.5178484661933997,,27.92
366.0,187.0,0.0,191.0,7.0,824.0,757.0,28,1.9162303664921465,2.313349151262545,1.9162303664921465,65.91
475.0,0.0,0.0,228.0,0.0,932.0,594.0,365,2.083333333333333,-6.713740185781108,2.083333333333333,41.93
237.5,237.5,0.0,228.0,0.0,932.0,594.0,90,1.0416666666666667,-5.41537600244767,,33.12
251.4,0.0,118.3,188.5,6.4,1028.4,757.7,56,1.3336870026525198,12.688134529162816,1.3336870026525198,36.64
250.2,166.8,0.0,203.5,0.0,977.6,694.1,3,1.2294840294840297,-12.45303338819123,1.2294840294840297,9.73
172.4,13.6,172.4,156.8,4.1,1006.3,856.4,56,1.0994897959183674,-8.473708175111613,,35.85
178.0,129.8,118.6,179.9,3.6,1007.3,746.8,100,0.989438576987215,15.717801063331114,0.989438576987215,49.99
255.5,170.3,0.0,185.7,0.0,1026.6,724.3,7,1.3758750673128703,-3.4604655025569677,1.3758750673128703,17.24
475.0,0.0,0.0,228.0,0.0,932.0,594.0,90,2.083333333333333,-10.625488391187444,,42.23
446.0,24.0,79.0,162.0,11.6,967.0,712.0,3,2.753086419753086,4.612455704446131,,25.02
222.4,0.0,96.7,189.3,4.5,967.1,870.3,100,1.1748547279450607,-6.77434974454724,1.1748547279450607,40.71
333.0,0.0,0.0,192.0,0.0,931.2,842.6,3,1.734375,-9.037654837260945,,15.62
150.9,0.0,183.9,166.6,11.6,991.2,772.2,28,0.9057623049219689,4.580662250849269,,15.57
203.5,305.3,0.0,203.5,0.0,963.4,630.0,28,1.0,7.392216153655208,1.0,41.68
385.0,0.0,0.0,186.0,0.0,966.0,763.0,7,2.0698924731182795,-5.625411401007099,2.0698924731182795,23.22
212.0,0.0,124.8,159.0,7.8,1085.4,799.5,100,1.3333333333333333,-3.52035589357587,1.3333333333333333,47.82
212.6,0.0,100.4,159.4,10.4,1003.8,903.8,100,1.3337515683814305,-8.195101130674319,,47.74
251.4,0.0,118.3,192.9,5.8,1043.6,754.3,56,1.3032659409020215,-8.281938579354993,1.3032659409020215,39.27
155.0,183.0,0.0,193.0,9.0,1047.0,697.0,28,0.8031088082901554,14.3564629081423,0.8031088082901554,18.28
316.1,210.7,0.0,185.7,0.0,977.0,689.3,28,1.702207862143242,-1.752804230470914,1.702207862143242,38.7
540.0,0.0,0.0,173.0,0.0,1125.0,613.0,270,3.121387283236994,3.946543207047114,,74.17
374.0,189.2,0.0,170.1,10.1,926.1,756.7,7,2.1987066431510875,-2.6212971727821457,2.1987066431510875,46.2
136.0,196.0,98.0,199.0,6.0,847.0,783.0,28,0.6834170854271356,9.56037303139874,,26.97
122.6,183.9,0.0,203.5,0.0,958.2,800.1,28,0.6024570024570024,20.586878425998883,,24.29
297.2,0.0,117.5,174.8,9.5,1022.8,753.5,100,1.7002288329519448,-4.055545402969038,,56.74
158.8,238.2,0.0,185.7,0.0,1040.6,734.3,28,0.8551427032848682,9.60971137731156,0.8551427032848682,21.07
500.1,0.0,0.0,200.0,3.0,1124.4,613.2,28,2.5005,-4.615229245299225,,44.13
154.8,183.4,0.0,193.3,9.1,877.2,867.7,28,0.8008277289187791,14.407523463286523,0.8008277289187791,23.79
279.8,128.9,100.4,172.4,9.5,825.1,804.9,28,1.622969837587007,5.585786508908719,1.622969837587007,52.83
425.0,106.3,0.0,153.5,16.5,852.1,887.1,7,2.768729641693811,-11.708119585056949,2.768729641693811,49.2
310.0,0.0,0.0,192.0,0.0,971.0,850.6,3,1.6145833333333333,-8.850679792048226,1.6145833333333333,9.87
250.0,0.0,95.7,191.8,5.3,948.9,857.2,3,1.3034410844629822,-5.987892292452429,1.3034410844629822,8.49
255.0,99.0,77.0,189.0,6.0,919.0,749.0,28,1.3492063492063493,1.063757393175008,,33.8
178.0,129.8,118.6,179.9,3.6,1007.3,746.8,3,0.989438576987215,0.9623650536951908,0.989438576987215,20.73
145.4,0.0,178.9,201.7,7.8,824.0,868.7,28,0.720872583044125,3.403660494279718,0.720872583044125,10.54
238.1,0.0,0.0,185.7,0.0,1118.8,789.3,28,1.2821755519655358,-17.68908247206308,,17.58
525.0,0.0,0.0,189.0,0.0,1125.0,613.0,90,2.7777777777777777,8.52384300052281,2.7777777777777777,58.78
305.3,203.5,0.0,203.5,0.0,965.4,631.0,28,1.5002457002457004,9.968681539981032,,43.38
222.4,0.0,96.7,189.3,4.5,967.1,870.3,28,1.1748547279450607,3.785900996588359,1.1748547279450607,24.89
147.0,115.0,89.0,202.0,9.0,860.0,829.0,28,0.7277227722772277,-8.033126134016543,0.7277227722772277,19.99
298.0,0.0,107.0,164.0,13.0,953.0,784.0,28,1.8170731707317076,12.619626238107797,1.8170731707317076,35.86
310.0,0.0,0.0,192.0,0.0,970.0,850.0,90,1.6145833333333333,11.575823074829865,,34.68
446.0,24.0,79.0,162.0,11.6,967.0,712.0,28,2.753086419753086,-18.41536931788468,2.753086419753086,57.03
250.2,166.8,0.0,203.5,0.0,977.6,694.1,90,1.2294840294840297,-21.575093143532573,1.2294840294840297,47.71
200.0,133.0,0.0,192.0,0.0,965.4,806.2,3,1.0416666666666667,0.1114343353035696,,11.41
375.0,0.0,0.0,186.0,0.0,1038.0,758.0,7,2.0161290322580645,0.5865437375072311,,26.06
387.0,20.0,94.0,157.0,14.3,938.0,845.0,56,2.464968152866242,12.184992618157258,,56.34
149.0,117.6,91.7,182.9,7.1,953.4,780.3,28,0.8146528157463094,2.741802771021633,,23.52
173.5,50.1,173.5,164.8,6.5,1006.2,793.5,28,1.0527912621359223,-11.040811665719133,1.0527912621359223,38.2
190.7,0.0,125.4,162.1,7.8,1090.0,804.0,56,1.176434299814929,8.664409945402216,1.176434299814929,35.34
168.9,42.2,124.3,158.3,10.8,1080.8,796.2,14,1.0669614655716992,-5.543276762085234,1.0669614655716992,23.51
313.3,262.2,0.0,175.5,8.6,1046.9,611.8,56,1.7851851851851852,1.8196794768330355,,64.9
388.6,97.1,0.0,157.9,12.1,852.1,925.7,28,2.461051298290057,4.694856750402162,2.461051298290057,50.7
154.8,0.0,142.8,193.3,9.1,1047.4,696.7,28,0.8008277289187791,-5.411138416474158,0.8008277289187791,12.46
382.5,0.0,0.0,185.7,0.0,1047.8,739.3,7,2.0597738287560583,6.968997627453539,,24.07
322.0,0.0,0.0,203.0,0.0,974.0,800.0,180,1.5862068965517242,-2.9027084835172725,,29.59
168.9,42.2,124.3,158.3,10.8,1080.8,796.2,3,1.0669614655716992,2.8561238877203787,,7.4
140.0,133.0,103.0,200.0,7.0,916.0,753.0,28,0.7,-3.915515540145777,,36.44
200.0,133.0,0.0,192.0,0.0,965.4,806.2,7,1.0416666666666667,-5.634749524342074,1.0416666666666667,17.17
280.0,129.0,100.0,172.0,9.0,825.0,805.0,28,1.627906976744186,19.642401119287157,,52.82
194.7,0.0,100.5,165.6,7.5,1006.4,905.9,56,1.1757246376811594,1.2298008475642233,,33.96
362.6,189.0,0.0,164.9,11.6,944.7,755.8,28,2.198908429351122,-7.355393873870425,2.198908429351122,71.3
250.0,0.0,95.7,187.4,5.5,956.9,861.2,14,1.3340448239060831,-10.08707163468036,,24.92
326.0,0.0,138.0,199.0,11.0,801.0,792.0,28,1.6381909547738691,-2.8743367262964763,,40.68
305.0,0.0,100.0,196.0,10.0,959.0,705.0,28,1.5561224489795915,5.39855593733283,1.5561224489795915,30.12
154.8,0.0,142.8,193.3,9.1,877.2,867.7,28,0.8008277289187791,-0.0288203127245472,,9.74
190.3,0.0,125.2,166.6,9.9,1079.0,798.9,28,1.1422569027611045,3.072523591514458,,24.85
173.5,50.1,173.5,164.8,6.5,1006.2,793.5,56,1.0527912621359223,-0.501432778185375,1.0527912621359223,53.77
233.8,0.0,94.6,197.9,4.6,947.0,852.2,100,1.1814047498736735,-9.965910229695904,1.1814047498736735,34.56
150.0,237.0,0.0,174.0,12.0,1069.0,675.0,28,0.8620689655172413,2.9493864709832094,,37.43
288.0,121.0,0.0,177.0,7.0,908.0,829.0,28,1.6271186440677967,14.367021384764174,,42.13
250.0,0.0,95.7,187.4,5.5,956.9,861.2,28,1.3340448239060831,7.342895576438209,,29.22
379.5,151.2,0.0,153.9,15.9,1134.3,605.0,7,2.46588693957115,2.060403125782115,2.46588693957115,47.1
168.0,42.1,163.8,121.8,5.7,1058.7,780.1,28,1.3793103448275863,0.5142401527637022,1.3793103448275863,24.24
213.5,0.0,174.2,154.6,11.7,1052.3,775.5,3,1.3809831824062095,-1.707577213694778,,17.37
300.0,0.0,0.0,184.0,0.0,1075.0,795.0,28,1.6304347826086956,6.5853646716953165,,26.85
181.4,0.0,167.0,169.6,7.6,1055.6,777.8,56,1.0695754716981132,4.706537651876612,,35.57
331.0,0.0,0.0,192.0,0.0,1025.0,821.0,7,1.7239583333333333,2.7806536428933684,1.7239583333333333,17.44
425.0,106.3,0.0,153.5,16.5,852.1,887.1,56,2.768729641693811,2.3758773858654885,2.768729641693811,64.3
159.8,250.0,0.0,168.4,12.2,1049.3,688.2,28,0.9489311163895487,17.13816286889491,0.9489311163895487,39.46
425.0,106.3,0.0,151.4,18.6,936.0,803.7,28,2.807133421400264,6.015464261494193,2.807133421400264,61.8
252.5,0.0,0.0,185.7,0.0,1111.6,784.3,7,1.3597199784598817,2.6692968422955863,,11.48
313.3,262.2,0.0,175.5,8.6,1046.9,611.8,7,1.7851851851851852,-3.136865225057261,,42.8
349.0,0.0,0.0,192.0,0.0,1056.0,809.0,90,1.8177083333333333,8.233245098605149,,40.66
229.7,0.0,118.2,195.2,6.1,1028.1,757.6,14,1.1767418032786885,-6.340165907461605,,22.32
153.1,145.0,113.0,178.5,8.0,1001.9,688.7,28,0.857703081232493,14.773095968381329,0.857703081232493,25.56
295.7,0.0,95.6,171.5,8.9,955.1,859.2,100,1.724198250728863,6.508077088005108,1.724198250728863,52.04
236.0,0.0,0.0,193.0,0.0,968.0,885.0,365,1.2227979274611398,5.234925250832462,,25.08
212.6,0.0,100.4,159.4,10.4,1003.8,903.8,3,1.3337515683814305,6.197072427434694,,13.33
491.0,26.0,123.0,210.0,3.9,882.0,699.0,3,2.3380952380952382,15.275333123761044,,25.61
380.0,0.0,0.0,228.0,0.0,932.0,670.0,180,1.6666666666666667,-2.4088295647143103,1.6666666666666667,53.1
286.3,200.9,0.0,144.7,11.2,1004.6,803.7,91,1.978576364892882,-2.1172546659036486,1.978576364892882,76.8
178.0,129.8,118.6,179.9,3.6,1007.3,746.8,14,0.989438576987215,14.042726739545635,0.989438576987215,34.24
194.7,0.0,100.5,165.6,7.5,1006.4,905.9,14,1.1757246376811594,3.0825390378306943,,24.99
379.5,151.2,0.0,153.9,15.9,1134.3,605.0,28,2.46588693957115,0.5485037984482186,2.46588693957115,52.2
469.0,117.2,0.0,137.8,32.2,852.1,840.5,56,3.4034833091436862,6.254582974218483,,69.3
166.1,0.0,163.3,176.5,4.5,1058.6,780.1,28,0.9410764872521246,-14.938121540733984,0.9410764872521246,21.54
139.6,209.4,0.0,192.0,0.0,1047.0,806.9,3,0.7270833333333333,0.5402256375033907,0.7270833333333333,8.06
275.1,0.0,121.4,159.5,9.9,1053.6,777.5,56,1.7247648902821318,-2.5710867332239475,1.7247648902821318,56.85
288.0,192.0,0.0,192.0,0.0,932.0,717.8,90,1.5,8.392073806695114,1.5,50.53
334.0,17.6,158.0,189.0,15.3,967.0,633.0,28,1.7671957671957672,14.65167012683483,1.7671957671957672,44.33
321.4,0.0,127.9,182.5,11.5,870.1,779.7,28,1.7610958904109588,-2.5627784655545613,,37.27
150.0,236.8,0.0,173.8,11.9,1069.3,674.8,28,0.863060989643268,5.6720300607080985,0.863060989643268,37.43
331.0,0.0,0.0,192.0,0.0,1025.0,821.0,3,1.7239583333333333,0.1474714645231452,,14.31
151.8,178.1,138.7,167.5,18.3,944.0,694.6,28,0.906268656716418,1.66706246358042,0.906268656716418,36.35
500.0,0.0,0.0,200.0,0.0,1125.0,613.0,14,2.5,-11.253288774785778,2.5,36.94
190.3,0.0,125.2,166.6,9.9,1079.0,798.9,100,1.1422569027611045,4.913333600347402,,33.56
231.8,0.0,121.6,174.0,6.7,1056.4,778.5,56,1.332183908045977,9.305310017239677,,42.7
213.5,0.0,174.2,159.2,11.7,1043.6,771.9,14,1.3410804020100504,-14.069915891384914,1.3410804020100504,29.59
275.0,0.0,0.0,183.0,0.0,1088.0,808.0,28,1.5027322404371584,-8.09683500208134,1.5027322404371584,24.5
238.1,0.0,94.1,186.7,7.0,949.9,847.0,28,1.275307980717729,-3.7995624892876494,1.275307980717729,30.23
231.8,0.0,121.6,174.0,6.7,1056.4,778.5,14,1.332183908045977,11.530186312528924,1.332183908045977,26.77
102.0,153.0,0.0,192.0,0.0,887.0,942.0,90,0.53125,-8.852207269933363,,25.46
284.0,15.0,141.0,179.0,5.5,842.0,801.0,3,1.5865921787709498,-13.355242248970974,,13.4
491.0,26.0,123.0,210.0,3.9,882.0,699.0,56,2.3380952380952382,4.503753893524567,,59.59
318.8,212.5,0.0,155.7,14.3,852.1,880.4,3,2.047527296082209,2.8569005720939717,2.047527296082209,25.2
236.9,91.7,71.5,246.9,6.0,852.9,695.4,28,0.9594977723774808,-8.169862537045706,,28.63
236.0,0.0,0.0,193.0,0.0,968.0,885.0,7,1.2227979274611398,-7.916838562068647,,9.99
424.0,22.0,132.0,178.0,8.5,822.0,750.0,28,2.3820224719101124,-6.911926157438528,,62.05
520.0,0.0,0.0,175.0,5.2,870.0,805.0,28,2.9714285714285715,15.00936671372709,2.9714285714285715,51.02
162.0,207.0,172.0,216.0,10.0,822.0,638.0,28,0.75,-5.600966519513386,,39.84
266.0,114.0,0.0,228.0,0.0,932.0,670.0,90,1.1666666666666667,-1.8730956555934444,1.1666666666666667,47.03
359.0,19.0,141.0,154.0,10.9,942.0,801.0,3,2.331168831168831,-14.439056805316152,,25.12
380.0,95.0,0.0,228.0,0.0,932.0,594.0,7,1.6666666666666667,-14.104321242901872,,32.82
289.0,133.7,0.0,194.9,5.5,924.1,760.1,28,1.482811698306824,6.083317249154379,1.482811698306824,46.25
164.6,0.0,150.4,181.6,11.7,1023.3,728.9,28,0.906387665198238,7.161545760221858,,18.03
251.4,0.0,118.3,188.5,6.4,1028.4,757.7,100,1.3336870026525198,-9.902523990614792,,44.21
193.5,290.2,0.0,185.7,0.0,998.2,704.3,7,1.0420032310177707,-11.828689966238732,1.0420032310177707,17.2
148.0,0.0,137.0,158.0,16.0,1002.0,830.0,28,0.9367088607594936,4.671425482607711,0.9367088607594936,17.95
183.9,122.6,0.0,203.5,0.0,959.2,800.0,7,0.9036855036855036,2.609064177936944,,10.79
285.0,190.0,0.0,163.0,7.6,1031.0,685.0,28,1.7484662576687116,0.0419495977454653,1.7484662576687116,53.58
190.7,0.0,125.4,162.1,7.8,1090.0,804.0,100,1.176434299814929,8.430416416279224,,40.57
480.0,0.0,0.0,192.0,0.0,936.0,721.0,3,2.5,12.6365771658457,,24.39
362.6,189.0,0.0,164.9,11.6,944.7,755.8,28,2.198908429351122,-2.5764921296454046,2.198908429351122,71.3
198.6,132.4,0.0,192.0,0.0,978.4,825.5,28,1.034375,-3.725838028562055,,28.02
184.0,86.0,190.0,213.0,6.0,923.0,623.0,28,0.863849765258216,3.520115600426659,0.863849765258216,22.93
277.1,0.0,97.4,160.6,11.8,973.9,875.6,3,1.7254047322540476,-0.167212751713185,,23.14
277.0,0.0,0.0,191.0,0.0,968.0,856.0,14,1.450261780104712,-0.4446773672836405,,21.26
251.8,0.0,99.9,146.1,12.4,1006.0,899.8,28,1.7234770704996578,5.455623770359711,1.7234770704996578,33.94
133.0,200.0,0.0,192.0,0.0,927.4,839.2,28,0.6927083333333334,-4.34739816907012,,27.87
210.7,316.1,0.0,185.7,0.0,977.0,689.3,7,1.1346257404415725,-2.608188257342729,,21.82
362.6,189.0,0.0,164.9,11.6,944.7,755.8,56,2.198908429351122,-5.440197772627927,2.198908429351122,77.3
272.6,0.0,89.6,198.7,10.6,931.3,762.2,28,1.3719174635128335,8.938366652705021,,32.25
305.3,203.5,0.0,203.5,0.0,965.4,631.0,7,1.5002457002457004,1.5846780861428396,1.5002457002457004,25.89
149.0,153.0,194.0,192.0,8.0,935.0,623.0,28,0.7760416666666666,12.524192233874723,0.7760416666666666,24.58
252.0,0.0,0.0,185.0,0.0,1111.0,784.0,28,1.3621621621621622,-4.128357825738991,,19.69
362.6,189.0,0.0,164.9,11.6,944.7,755.8,28,2.198908429351122,-4.027805232929594,,71.3
213.7,98.1,24.5,181.7,6.9,1065.8,785.4,14,1.1761144744083654,-5.842933053737093,,30.39
236.0,0.0,0.0,194.0,0.0,968.0,885.0,3,1.2164948453608246,15.014366500464527,,6.47
255.5,170.3,0.0,185.7,0.0,1026.6,724.3,28,1.3758750673128703,-16.30499628142283,1.3758750673128703,32.05
157.0,236.0,0.0,192.0,0.0,935.4,781.2,90,0.8177083333333334,-0.4343589321424976,,43.38
145.0,0.0,134.0,181.0,11.0,979.0,812.0,28,0.8011049723756906,-6.535485367897889,,13.2
153.0,239.0,0.0,200.0,6.0,1002.0,684.0,28,0.765,-1.7119107538040716,0.765,26.86
173.8,93.4,159.9,172.3,9.7,1007.2,746.6,56,1.0087057457922228,-7.88580837068435,,48.99
250.0,0.0,95.7,187.4,5.5,956.9,861.2,3,1.3340448239060831,3.2398536876876443,,13.82
262.0,111.0,86.0,195.0,5.0,895.0,733.0,28,1.3435897435897437,8.869628644663262,1.3435897435897437,33.72
540.0,0.0,0.0,173.0,0.0,1125.0,613.0,3,3.121387283236994,0.2380491159659615,,41.64
166.0,259.7,0.0,183.2,12.7,858.8,826.8,28,0.906113537117904,13.82034536080569,,37.92
212.0,0.0,124.8,159.0,7.8,1085.4,799.5,3,1.3333333333333333,-2.0205452111452824,1.3333333333333333,19.52
153.6,144.2,112.3,220.1,10.1,923.2,657.9,28,0.6978646069968196,-1.7677133906373117,,16.5
275.0,0.0,0.0,183.0,0.0,1088.0,808.0,7,1.5027322404371584,-3.4150485595793603,1.5027322404371584,14.2
310.0,0.0,0.0,192.0,0.0,970.0,850.0,180,1.6145833333333333,1.572438212092597,,37.33
295.7,0.0,95.6,171.5,8.9,955.1,859.2,28,1.724198250728863,8.79021481589752,,39.94
362.6,189.0,0.0,164.9,11.6,944.7,755.8,91,2.198908429351122,-8.567139984488898,2.198908429351122,79.3
475.0,118.8,0.0,181.1,8.9,852.1,781.5,56,2.622860298177802,2.0790623539873883,,72.3
194.7,0.0,100.5,170.2,7.5,998.0,901.8,28,1.1439482961222092,-0.7129603161023073,1.1439482961222092,37.27
313.3,0.0,113.0,178.5,8.0,1001.9,688.7,28,1.7551820728291316,5.666851578394827,,36.8
425.0,106.3,0.0,153.5,16.5,852.1,887.1,7,2.768729641693811,-6.418218153772951,,49.2
339.2,0.0,0.0,185.7,0.0,1069.2,754.3,7,1.826602046311255,1.8849164648685277,1.826602046311255,21.18
339.0,0.0,0.0,197.0,0.0,968.0,781.0,14,1.7208121827411167,6.055908933162815,,27.04
362.6,189.0,0.0,164.9,11.6,944.7,755.8,7,2.198908429351122,-1.5388877182489802,2.198908429351122,22.9
190.3,0.0,125.2,161.9,9.9,1088.1,802.6,56,1.1754169240271772,-1.894548853920071,,38.56
246.8,0.0,125.1,143.3,12.0,1086.8,800.9,3,1.7222609909281228,5.026764074114239,1.7222609909281228,23.52
331.0,0.0,0.0,192.0,0.0,978.0,825.0,180,1.7239583333333333,-5.015736462302139,,39.0
376.0,0.0,0.0,214.6,0.0,1003.5,762.4,56,1.7520969245107176,1.466736045906814,,36.3
198.6,132.4,0.0,192.0,0.0,978.4,825.5,3,1.034375,-2.4736990068097167,,9.13
155.0,0.0,143.0,193.0,9.0,1047.0,697.0,28,0.8031088082901554,10.22761490085839,,12.46
380.0,95.0,0.0,228.0,0.0,932.0,594.0,270,1.6666666666666667,-9.207948619378422,1.6666666666666667,41.15
108.3,162.4,0.0,203.5,0.0,938.2,849.0,28,0.5321867321867322,-0.1930006968800262,,20.59
183.9,122.6,0.0,203.5,0.0,959.2,800.0,90,0.9036855036855036,-6.222533500727002,,32.53
155.6,243.5,0.0,180.3,10.7,1022.0,697.7,28,0.8630061009428729,5.081374413455756,0.8630061009428729,37.36
165.0,128.5,132.1,175.1,8.1,1005.8,746.6,28,0.9423186750428328,5.7403380463676985,0.9423186750428328,46.39
213.7,0.0,174.7,154.8,10.2,1053.5,776.4,56,1.3804909560723513,-11.259710195012442,,46.64
213.8,98.1,24.5,181.7,6.7,1066.0,785.5,56,1.1766648321408917,1.4916345181554211,,47.13
401.8,94.7,0.0,147.4,11.4,946.8,852.1,28,2.7259158751696067,0.7972109207011298,,68.5
249.1,0.0,98.8,158.1,12.8,987.8,889.0,3,1.575585072738773,-1.041144434941477,,15.36
359.0,19.0,141.0,154.0,10.9,942.0,801.0,3,2.331168831168831,-13.0203395030653,2.331168831168831,23.64
181.4,0.0,167.0,169.6,7.6,1055.6,777.8,14,1.0695754716981132,-15.616702396180017,,21.6
397.0,0.0,0.0,186.0,0.0,1040.0,734.0,28,2.134408602150537,0.2087284016866702,,36.94
277.2,97.8,24.5,160.7,11.2,1061.7,782.5,56,1.7249533291848165,-2.3092691113611066,,66.82
168.0,42.1,163.8,121.8,5.7,1058.7,780.1,3,1.3793103448275863,-3.775454926315468,1.3793103448275863,7.75
531.3,0.0,0.0,141.8,28.2,852.1,893.7,28,3.746826516220028,17.52364500647983,,56.4
339.0,0.0,0.0,197.0,0.0,968.0,781.0,28,1.7208121827411167,-7.377322593421003,,32.04
220.8,147.2,0.0,185.7,0.0,1055.0,744.3,7,1.1890145395799678,2.615418990113301,1.1890145395799678,13.09
427.5,47.5,0.0,228.0,0.0,932.0,594.0,270,1.875,1.935698172528273,1.875,43.01
469.0,117.2,0.0,137.8,32.2,852.1,840.5,7,3.4034833091436862,-1.8766970670011756,,54.9
173.8,93.4,159.9,172.3,9.7,1007.2,746.6,3,1.0087057457922228,10.221414575188073,,15.82
165.0,0.0,143.6,163.8,0.0,1005.6,900.9,56,1.0073260073260073,5.357380390640308,,36.56
475.0,118.8,0.0,181.1,8.9,852.1,781.5,7,2.622860298177802,0.0409076531396871,,55.6
155.0,0.0,143.0,193.0,9.0,877.0,868.0,28,0.8031088082901554,-8.212122395288482,0.8031088082901554,9.74
475.0,118.8,0.0,181.1,8.9,852.1,781.5,28,2.622860298177802,-7.275099638357911,2.622860298177802,68.3
214.9,53.8,121.9,155.6,9.6,1014.3,780.6,56,1.3811053984575836,0.1007392062543588,1.3811053984575836,53.96
362.6,189.0,0.0,164.9,11.6,944.7,755.8,91,2.198908429351122,6.61746599228819,2.198908429351122,79.3
388.6,97.1,0.0,157.9,12.1,852.1,925.7,3,2.461051298290057,0.7340862122840184,,28.1
167.4,129.9,128.6,175.5,7.8,1006.3,746.6,100,0.953846153846154,0.2821084157738289,,53.66
333.0,0.0,0.0,192.0,0.0,931.2,842.6,28,1.734375,4.61657701744432,1.734375,31.97
159.0,209.0,161.0,201.0,7.0,848.0,669.0,28,0.7910447761194029,-4.441596213545587,0.7910447761194029,30.88
157.0,236.0,0.0,192.0,0.0,935.4,781.2,3,0.8177083333333334,3.193088914816567,0.8177083333333334,9.69
295.0,0.0,0.0,185.0,0.0,1069.0,769.0,28,1.5945945945945943,4.965376780405424,1.5945945945945943,25.18
387.0,20.0,94.0,157.0,11.6,938.0,845.0,28,2.464968152866242,-8.65238402891516,2.464968152866242,46.68
296.0,0.0,0.0,192.0,0.0,1085.0,765.0,28,1.5416666666666667,3.0415828080477056,1.5416666666666667,21.65
387.0,20.0,94.0,157.0,13.9,938.0,845.0,28,2.464968152866242,-5.1725830739402126,2.464968152866242,46.68
349.0,0.0,0.0,192.0,0.0,1047.0,806.9,3,1.8177083333333333,-3.6851101676783,1.8177083333333333,15.05
166.0,260.0,0.0,183.0,13.0,859.0,827.0,28,0.907103825136612,2.6756543198962,0.907103825136612,37.91
213.7,0.0,174.7,154.8,10.2,1053.5,776.4,14,1.3804909560723513,1.8563994988610903,1.3804909560723513,33.73
331.0,0.0,0.0,192.0,0.0,1025.0,821.0,90,1.7239583333333333,-6.226437803218501,1.7239583333333333,37.91
236.0,0.0,0.0,194.0,0.0,968.0,885.0,14,1.2164948453608246,-6.190313592828584,1.2164948453608246,12.84
480.0,0.0,0.0,192.0,0.0,936.0,721.0,28,2.5,-10.236615733885612,,43.89
302.0,0.0,0.0,203.0,0.0,974.0,817.0,180,1.4876847290640394,-8.648452323266099,,26.74
359.0,19.0,141.0,154.0,10.9,942.0,801.0,56,2.331168831168831,-7.234533000835269,,68.75
166.1,0.0,163.3,176.5,4.5,1058.6,780.1,56,0.9410764872521246,5.490081522996108,,28.63
212.5,0.0,100.4,159.3,8.7,1007.8,903.6,56,1.3339610797237915,-5.661355724950246,1.3339610797237915,42.55
531.3,0.0,0.0,141.8,28.2,852.1,893.7,91,3.746826516220028,-6.526482279723506,,59.2
143.8,136.3,106.2,178.1,7.5,941.5,774.3,28,0.8074115665356543,-5.220991834419127,,26.15
116.0,173.0,0.0,192.0,0.0,909.8,891.9,90,0.6041666666666666,-4.58929605504189,0.6041666666666666,31.02
540.0,0.0,0.0,173.0,0.0,1125.0,613.0,7,3.121387283236994,-10.813476844930667,,52.61
212.1,0.0,121.6,180.3,5.7,1057.6,779.3,3,1.1763727121464225,-11.021354943656728,1.1763727121464225,12.47
475.0,0.0,0.0,228.0,0.0,932.0,594.0,270,2.083333333333333,-8.461687431647203,2.083333333333333,42.13
318.8,212.5,0.0,155.7,14.3,852.1,880.4,56,2.047527296082209,2.0039428027670123,,66.1
146.0,230.0,0.0,202.0,3.0,827.0,872.0,28,0.7227722772277227,-4.140890392289371,,33.06
143.0,169.0,143.0,191.0,8.0,967.0,643.0,28,0.7486910994764397,11.057271928300215,0.7486910994764397,29.72
229.7,0.0,118.2,195.2,6.1,1028.1,757.6,3,1.1767418032786885,6.819466678369792,1.1767418032786885,13.36
425.0,106.3,0.0,151.4,18.6,936.0,803.7,3,2.807133421400264,12.51714924651205,2.807133421400264,36.3
312.9,160.5,0.0,177.6,9.6,916.6,759.5,28,1.7618243243243243,3.58166848013852,1.7618243243243243,52.45
475.0,118.8,0.0,181.1,8.9,852.1,781.5,91,2.622860298177802,15.17434386123158,2.622860298177802,74.19
349.0,0.0,0.0,192.0,0.0,1056.0,809.0,28,1.8177083333333333,-13.620668833902725,1.8177083333333333,33.61
251.4,0.0,118.3,192.9,5.8,1043.6,754.3,14,1.3032659409020215,-16.313857422080805,,20.73
165.0,0.0,143.6,163.8,0.0,1005.6,900.9,3,1.0073260073260073,-8.540963435060755,,14.4
218.2,54.6,123.8,140.8,11.9,1075.7,792.7,3,1.549715909090909,-6.617847548418584,1.549715909090909,27.42
331.0,0.0,0.0,192.0,0.0,978.0,825.0,3,1.7239583333333333,-4.499734207154141,1.7239583333333333,13.52
446.0,24.0,79.0,162.0,10.3,967.0,712.0,56,2.753086419753086,-6.050805962274427,,54.77
252.3,0.0,98.8,146.3,14.2,987.8,889.0,14,1.7245386192754613,-9.713508902301855,,42.29
362.6,189.0,0.0,164.9,11.6,944.7,755.8,91,2.198908429351122,21.76135333271695,,79.3
296.0,0.0,0.0,192.0,0.0,1085.0,765.0,7,1.5416666666666667,-10.68275486968081,,14.2
250.0,0.0,95.7,187.4,5.5,956.9,861.2,100,1.3340448239060831,8.259722084409175,,42.35
132.0,206.5,160.9,178.9,5.5,866.9,735.6,28,0.737842370039128,13.887710425321997,,33.31
202.0,11.0,141.0,206.0,1.7,942.0,801.0,28,0.9805825242718448,6.043129806606048,,21.97
380.0,95.0,0.0,228.0,0.0,932.0,594.0,365,1.6666666666666667,12.633702524059132,,43.7
194.7,0.0,100.5,170.2,7.5,998.0,901.8,3,1.1439482961222092,0.9253970743428692,,12.18
342.0,38.0,0.0,228.0,0.0,932.0,670.0,180,1.5,3.005584146765376,,52.12
246.8,0.0,125.1,143.3,12.0,1086.8,800.9,14,1.7222609909281228,-0.0979741827753169,,42.22
236.0,0.0,0.0,193.0,0.0,968.0,885.0,180,1.2227979274611398,11.968354491913464,,24.1
276.0,116.0,90.0,180.0,9.0,870.0,768.0,28,1.5333333333333334,5.268354181382644,,44.28
333.0,17.5,163.0,167.0,17.9,996.0,652.0,28,1.9940119760479045,-10.561865656165136,,47.28
379.5,151.2,0.0,153.9,15.9,1134.3,605.0,56,2.46588693957115,2.34457978638945,2.46588693957115,54.9
385.0,0.0,0.0,186.0,0.0,966.0,763.0,3,2.0698924731182795,9.194186610285406,2.0698924731182795,14.7
264.5,111.0,86.5,195.5,5.9,832.6,790.4,28,1.3529411764705883,-0.1948367380878627,1.3529411764705883,41.54
250.0,0.0,95.7,191.8,5.3,948.9,857.2,14,1.3034410844629822,8.467395894796702,,24.66
298.0,0.0,107.0,210.0,11.0,880.0,744.0,28,1.4190476190476191,-4.90230952387509,,31.87
212.5,0.0,100.4,159.3,8.7,1007.8,903.6,3,1.3339610797237915,-12.154959727632107,1.3339610797237915,13.54
425.0,106.3,0.0,153.5,16.5,852.1,887.1,28,2.768729641693811,9.142582516120164,,60.29
295.8,0.0,0.0,185.7,0.0,1091.4,769.3,7,1.592891760904685,-3.264602984172411,1.592891760904685,14.84
277.0,0.0,0.0,191.0,0.0,968.0,856.0,360,1.450261780104712,0.8751583568391431,,33.7
167.0,75.4,167.0,164.0,7.9,1007.3,770.1,56,1.0182926829268293,7.641138564009906,,53.46
425.0,106.3,0.0,153.5,16.5,852.1,887.1,91,2.768729641693811,-6.029889314859917,2.768729641693811,65.2
286.3,200.9,0.0,144.7,11.2,1004.6,803.7,3,1.978576364892882,2.630008877277476,1.978576364892882,24.4
182.0,45.2,122.0,170.2,8.2,1059.4,780.7,3,1.0693301997649824,-4.98159615856475,1.0693301997649824,7.32
475.0,0.0,0.0,228.0,0.0,932.0,594.0,7,2.083333333333333,-2.3335499983462142,2.083333333333333,38.6
540.0,0.0,0.0,173.0,0.0,1125.0,613.0,90,3.121387283236994,-7.595191110655544,,69.66
339.0,0.0,0.0,197.0,0.0,968.0,781.0,7,1.7208121827411167,3.018403944358817,,20.97
167.0,75.4,167.0,164.0,7.9,1007.3,770.1,28,1.0182926829268293,-13.627059514841235,,41.41
153.0,145.0,0.0,178.0,8.0,1000.0,822.0,28,0.8595505617977528,4.725238645538474,0.8595505617977528,19.01
213.8,98.1,24.5,181.7,6.7,1066.0,785.5,100,1.1766648321408917,-5.294291718147104,,49.97
133.0,210.0,0.0,196.0,3.0,949.0,795.0,28,0.6785714285714286,-0.1313831685820166,0.6785714285714286,31.03
149.5,236.0,0.0,175.8,12.6,846.8,892.7,28,0.8503981797497155,-12.20420136739791,,32.96
401.8,94.7,0.0,147.4,11.4,946.8,852.1,3,2.7259158751696067,11.823152357932129,,41.1
397.0,0.0,0.0,185.0,0.0,1040.0,734.0,28,2.145945945945946,11.627075816941607,2.145945945945946,39.09
387.0,20.0,94.0,157.0,14.3,938.0,845.0,7,2.464968152866242,11.839553111120209,2.464968152866242,36.84
158.4,0.0,194.9,219.7,11.0,897.7,712.9,28,0.7209831588529814,11.550116832586076,,8.54
139.6,209.4,0.0,192.0,0.0,1047.0,806.9,90,0.7270833333333333,-8.10264896267539,0.7270833333333333,39.36
277.0,0.0,0.0,191.0,0.0,968.0,856.0,3,1.450261780104712,-9.003912378387012,,11.36
236.0,157.0,0.0,192.0,0.0,972.6,749.1,3,1.2291666666666667,-11.26009355774257,1.2291666666666667,13.57
238.1,0.0,94.1,186.7,7.0,949.9,847.0,14,1.275307980717729,-2.676009886727587,,25.69
376.0,0.0,0.0,214.6,0.0,1003.5,762.4,28,1.7520969245107176,6.978565093765425,1.7520969245107176,31.97
181.4,0.0,167.0,169.6,7.6,1055.6,777.8,3,1.0695754716981132,17.064266997250133,1.0695754716981132,13.62
349.0,0.0,0.0,192.0,0.0,1047.0,806.0,3,1.8177083333333333,5.662015483643804,1.8177083333333333,14.99
190.7,0.0,125.4,162.1,7.8,1090.0,804.0,28,1.176434299814929,4.486276210945875,,26.4
491.0,26.0,123.0,201.0,3.9,822.0,699.0,7,2.442786069651741,-3.897003070117568,2.442786069651741,37.92
525.0,0.0,0.0,189.0,0.0,1125.0,613.0,14,2.7777777777777777,7.117046364987496,2.7777777777777777,48.4
284.0,119.7,0.0,168.3,7.2,970.4,794.2,28,1.687462863933452,5.141782078940351,1.687462863933452,40.93
144.0,0.0,175.0,158.0,18.0,943.0,844.0,28,0.9113924050632912,1.873717860292166,,15.42
238.2,158.8,0.0,185.7,0.0,1040.6,734.3,28,1.2827140549273022,-6.798754955718334,,26.91
181.4,0.0,167.0,169.6,7.6,1055.6,777.8,28,1.0695754716981132,-1.2142807602846666,,27.77
333.0,0.0,0.0,192.0,0.0,931.2,842.6,7,1.734375,-1.6243630883439415,,23.4
310.0,143.0,0.0,168.0,10.0,914.0,804.0,28,1.8452380952380956,-0.3957096772194636,1.8452380952380956,45.3
516.0,0.0,0.0,162.0,8.2,801.0,802.0,28,3.185185185185185,-6.073061292429584,,41.37
362.6,189.0,0.0,164.9,11.6,944.7,755.8,3,2.198908429351122,-4.146161746189179,,35.3
237.5,237.5,0.0,228.0,0.0,932.0,594.0,270,1.0416666666666667,-9.766749199768178,,38.41
500.0,0.0,0.0,151.0,9.0,1033.0,655.0,28,3.3112582781456954,4.98279945877999,,69.84
336.0,0.0,0.0,182.0,3.0,986.0,817.0,28,1.8461538461538465,9.652071732066856,1.8461538461538465,44.86
255.0,0.0,0.0,192.0,0.0,889.8,945.0,7,1.328125,11.532548965263205,1.328125,10.22
148.1,0.0,182.1,181.4,15.0,838.9,884.3,28,0.8164277839029768,-3.5694674657182377,,15.53
213.8,98.1,24.5,181.7,6.7,1066.0,785.5,28,1.1766648321408917,-16.201140693260857,,40.23
233.8,0.0,94.6,197.9,4.6,947.0,852.2,3,1.1814047498736735,-12.118777797486915,,10.38
213.8,98.1,24.5,181.7,6.7,1066.0,785.5,3,1.1766648321408917,17.151552714602605,1.1766648321408917,13.18
531.3,0.0,0.0,141.8,28.2,852.1,893.7,7,3.746826516220028,-2.741716132214156,,46.9
374.3,0.0,0.0,190.2,6.7,1013.2,730.4,28,1.967928496319664,-8.012960079159324,,39.06
288.0,192.0,0.0,192.0,0.0,932.0,717.8,3,1.5,8.732054815379694,,16.11
168.9,42.2,124.3,158.3,10.8,1080.8,796.2,28,1.0669614655716992,7.196799003466006,1.0669614655716992,31.12
134.7,0.0,165.7,180.2,10.0,961.0,804.9,28,0.7475027746947835,-0.3212636051547473,,13.29
500.0,0.0,0.0,200.0,0.0,1125.0,613.0,180,2.5,5.452005578980995,,51.04
249.1,0.0,98.8,158.1,12.8,987.8,889.0,100,1.575585072738773,16.739098205483682,,51.06
325.0,0.0,0.0,184.0,0.0,1063.0,783.0,28,1.766304347826087,-1.2640631886319154,,30.57
381.4,0.0,0.0,185.7,0.0,1104.6,784.3,7,2.053850296176629,-3.674887196321953,2.053850296176629,14.54
166.8,250.2,0.0,203.5,0.0,975.6,692.6,90,0.8196560196560198,-0.4555649897685396,,43.57
151.0,0.0,184.0,167.0,12.0,991.0,772.0,28,0.9041916167664672,-8.981776172498389,0.9041916167664672,15.57
275.1,0.0,121.4,159.5,9.9,1053.6,777.5,14,1.7247648902821318,-1.1764590520171092,,38.77
298.1,0.0,107.5,163.6,12.8,953.2,784.0,28,1.8221271393643037,-3.6184505539926137,,35.87
522.0,0.0,0.0,146.0,0.0,896.0,896.0,28,3.5753424657534247,-3.361494536766858,,74.99
387.0,20.0,94.0,157.0,11.6,938.0,845.0,56,2.464968152866242,-8.297969234611651,,61.46
310.0,142.8,0.0,167.9,10.0,914.3,804.0,28,1.8463371054198927,5.126742890136079,1.8463371054198927,45.3
307.0,0.0,0.0,193.0,0.0,968.0,812.0,180,1.5906735751295338,3.7717468570879658,,34.49
297.2,0.0,117.5,174.8,9.5,1022.8,753.5,3,1.7002288329519448,-4.509796422431798,1.7002288329519448,21.91
439.0,177.0,0.0,186.0,11.1,884.9,707.9,7,2.360215053763441,0.4818416795282115,2.360215053763441,56.1
173.8,93.4,159.9,172.3,9.7,1007.2,746.6,100,1.0087057457922228,-1.767756796265784,,50.94
251.4,0.0,118.3,192.9,5.8,1043.6,754.3,3,1.3032659409020215,9.434377472510612,,11.98
349.0,0.0,0.0,192.0,0.0,1047.0,806.0,7,1.8177083333333333,-0.5613256916691762,,18.13
233.8,0.0,94.6,197.9,4.6,947.0,852.2,28,1.1814047498736735,6.851190354587779,1.1814047498736735,22.84
349.0,0.0,0.0,192.0,0.0,1047.0,806.0,90,1.8177083333333333,3.436945753060687,1.8177083333333333,39.49
212.6,0.0,100.4,159.4,10.4,1003.8,903.8,56,1.3337515683814305,-25.93013872055258,,44.4
281.0,0.0,0.0,186.0,0.0,1104.0,774.0,7,1.510752688172043,4.141272163752984,1.510752688172043,14.5
266.0,114.0,0.0,228.0,0.0,932.0,670.0,180,1.1666666666666667,6.500206579153584,,48.7
349.0,0.0,0.0,192.0,0.0,1056.0,809.0,3,1.8177083333333333,-7.826982220920256,,15.87
198.6,132.4,0.0,192.0,0.0,978.4,825.5,360,1.034375,-1.873226997786688,,44.3
342.0,38.0,0.0,228.0,0.0,932.0,670.0,365,1.5,2.513978660762191,1.5,56.14
304.0,140.0,0.0,214.0,6.0,895.0,722.0,28,1.4205607476635511,12.404003942512617,,33.42
236.0,157.0,0.0,192.0,0.0,972.6,749.1,7,1.2291666666666667,-16.587121859265196,1.2291666666666667,20.42
266.0,114.0,0.0,228.0,0.0,932.0,670.0,28,1.1666666666666667,-3.755795087479617,1.1666666666666667,45.85
332.5,142.5,0.0,228.0,0.0,932.0,594.0,180,1.4583333333333333,2.59267175515836,,39.78
178.0,129.8,118.6,179.9,3.6,1007.3,746.8,56,0.989438576987215,-7.519038290618842,0.989438576987215,48.59
516.0,0.0,0.0,162.0,8.3,801.0,802.0,28,3.185185185185185,-13.70507623272702,,41.37
475.0,0.0,0.0,228.0,0.0,932.0,594.0,28,2.083333333333333,4.340480348687717,,39.29
284.0,15.0,141.0,179.0,5.5,842.0,801.0,7,1.5865921787709498,4.34688153903948,1.5865921787709498,24.13
102.0,153.0,0.0,192.0,0.0,887.0,942.0,7,0.53125,14.018163547388982,0.53125,7.68
141.9,166.6,129.7,173.5,10.9,882.6,785.3,28,0.8178674351585015,11.194843492688015,,44.61
250.0,0.0,95.7,191.8,5.3,948.9,857.2,28,1.3034410844629822,-0.2615579847527449,,27.22
275.1,0.0,121.4,159.5,9.9,1053.6,777.5,3,1.7247648902821318,7.800957867342009,,23.8
393.0,0.0,0.0,192.0,0.0,940.0,758.0,28,2.046875,-3.4759698194585247,,39.58
143.6,0.0,174.9,158.4,17.9,942.7,844.5,28,0.9065656565656564,-1.9774190601647756,0.9065656565656564,15.42
250.0,0.0,0.0,182.0,0.0,1100.0,820.0,7,1.3736263736263736,13.352172202315144,,12.73
116.0,173.0,0.0,192.0,0.0,909.8,891.9,28,0.6041666666666666,-2.4763715145119223,0.6041666666666666,22.35
288.0,192.0,0.0,192.0,0.0,932.0,717.8,28,1.5,7.485427145179689,1.5,38.8
237.5,237.5,0.0,228.0,0.0,932.0,594.0,7,1.0416666666666667,2.7489463165476917,,26.26
190.0,190.0,0.0,228.0,0.0,932.0,670.0,90,0.8333333333333334,-15.306241957262383,,42.33
164.0,163.0,128.0,197.0,8.0,961.0,641.0,28,0.8324873096446701,-12.185495238270198,,27.23
